han,bs,pinyin,middle_chinese,gloss
埃,qˤə,āi,'oj,dust
哀,ʔˤəj,āi,'oj,to pity; sad
藹,qˤats,ǎi,'ajH,"ample, numerous"
阸,qˤriks,ài,'eaH,a narrow pass
隘,qˤriks,ài,'eaH,a narrow pass
愛,qˤəps,ài,'ojH,to love; to grudge (< ‘draw close to oneself’?)
僾,qˤəps,ài,'ojH,"to pant, lose the breath"
艾,C.ŋˤats,ài,ngajH,Artemisia; moxa
鞌,ʔˤan,ān,'an,[place name]
鞍,ʔˤan,ān,'an,[place name]
安,ʔˤan,ān,'an,peace(ful)
安,ʔˤan,ān,'an,how
安,ʔˤan,ān,'an,"安息 Ānxī (Iranian country in the western regions, W. Hàn; from Aršaka = Arsaces, founder of the Arsacid dynasty)"
晻,qˤomʔ,ǎn,'omX,dark
按,ʔˤans,àn,'anH,repress
案,ʔˤans,àn,'anH,stool; tray
晻,qˤomʔ-s,àn,'omH,dark
暗,qˤums,àn,'omH,dark
黬,kˤrəm,àn,keam,black blot
岸,ŋˤars,àn,nganH,bank of a river
豻,m-ɢˤars,àn,nganH,wild dog
卬,k.ŋˤaŋ,áng,ngang,high; lift high
卬,ŋˤaŋ,áng,ngang,"I, me"
㼜,ʔˤaŋs,àng,'angH,basin; (tublike:) swollen
敖,ŋˤaw,áo,ngaw,tall
囂,ŋˤaw,áo,ngaw,"clamor, many voices; arrogant"
敖,ŋˤaw,áo,ngaw,saunter about
嗸,ŋˤaw,áo,ngaw,distressed cry
熬,ŋˤaw,áo,ngaw,"fry, roast (v.)"
媼,ʔˤuʔ,ǎo,'awX,old woman
奧,ʔˤuks,ào,'awH,southwest corner of a house
澳,ʔˤuks,ào,'awH,"bay, cove"
巴,pˤra,bā,pae,snake
巴,pˤra,bā,pae,[place name]
豝,pˤra,bā,pae,"sow, pig"
八,pˤret,bā,peat,eight
軷,bˤat,bá,bat,sacrifice to the gods of the road
茇,m-pˤat,bá,bat,halt in the open
拔,bˤrot,bá,beat,uproot
茇,pˤat,bá,pat,halt in the open
胈,pˤot,bá,pat,small hairs on body; roots of grass
把,pˤraʔ,bǎ,paeX,grasp (v.)
罷,bˤrajʔ,bà,beaX,"stop, cease"
霸,pˤraks,bà,paeH,have hegemony
白,bˤrak,bái,baek,white
百,pˤrak,bǎi,paek,hundred
柏,pˤrak,bǎi,paek,cypress
敗,N-pˤrats,bài,baejH,suffer defeat
稗,C.bˤres,bài,beaH,weed resembling grain
敗,pˤrats,bài,paejH,defeat (v.t.)
拜,C.pˤrots,bài,peajH,"bow, bend (v.)"
班,pˤran,bān,paen,"divide, distribute"
頒,pˤrən,bān,paen,distribute
朌,pˤrən,bān,paen,distribute
斑,pˤran,bān,paen,variegated
搬,Cə.pˤan,bān,pan,move
板,C.pˤranʔ,bǎn,paenX,"plank, board"
板,pˤranʔ,bǎn,paenX,perverse
阪,panʔ,bǎn,pjonX,"slope, bank"
伴,C.bˤanʔ,bàn,banX,comrade
辦,bˤrens,bàn,beanH,"manage, deal with"
半,pˤans,bàn,panH,half
邦,pˤroŋ,bāng,paewng,country
蚌,bˤroŋʔ,bàng,baewngX,"oyster, mussel"
蜯,bˤroŋʔ,bàng,baewngX,"oyster, mussel"
傍,bˤaŋs,bàng,bangH,beside; assist
榜,pˤraŋs,bàng,paengH,oar
謗,pˤaŋs,bàng,pangH,slander
包,pˤru,bāo,paew,"wrap, bundle"
胞,pˤru,bāo,paew,womb
苞,pˤru,bāo,paew,reed mat for wrapping
褒,pˤu,bāo,paw,praise (v.)
雹,C.bˤruk,báo,baewk,hail
飽,pˤruʔ,bǎo,paewX,be satiated
保,pˤuʔ,bǎo,pawX,protect
寶,pˤuʔ,bǎo,pawX,precious thing
抱,m-pˤuʔ,bào,bawX,carry in the arms
暴,bˤawks,bào,bawH,violent
瀑,bˤawk,bào,buwk,waterfall?
豹,pˤrewks,bào,paewH,leopard
爆,pˤrawks,bào,paewH,explode (not pre-Qín)
報,pˤuks,bào,pawH,repay
悲,prəj,bēi,pij,sad
陂,praj,bēi,pje,river bank; dike
碑,pre,bēi,pje,stele; upright pole of stone or wood
卑,pe,bēi,pjie,"low, humble"
卑,pe,bēi,pjie,鮮卑 *s[a]r.pe Xiānbēi
杯,pˤə,bēi,pwoj,cup
北,pˤək,běi,pok,north
拔,bˤots,bèi,bajH,thinned out (forest)
備,brəks,bèi,bijH,complete (adj.)
被,m-pʰrajʔ,bèi,bjeX,coverlet
被,m-pʰrajʔ-s,bèi,bjeH,cover (v.)
倍,bˤəʔ,bèi,bwojX,double
孛,bˤuts,bèi,bwojH,comet
悖,bˤuts,bèi,bwojH,confused
誖,bˤuts,bèi,bwojH,confused talk
焙,bˤəs,bèi,bwojH,"bake, roast [not in GSR]"
背,m-pˤəks,bèi,bwojH,turn the back on
偝,m-pˤəks,bèi,bwojH,turn the back on
誖,bˤut,bèi,bwot,confused talk
貝,pˤats,bèi,pajH,cowry shell
背,pˤəks,bèi,pwojH,the back
賁,pˤur,bēn,pwon,"ardent, brave"
奔,pˤur,bēn,pwon,run (v.)
本,C.pˤənʔ,běn,pwonX,tree trunk
畚,pˤunʔ,běn,pwonX,basket
祊,pˤraŋ,bēng,paeng,side of the temple gate; sacrifice there
繃,pˤrəŋ,bēng,peang,to bind around
崩,Cə.pˤəŋ,bēng,pong,"collapse (v., of a mountain)"
琫,pˤoŋʔ,běng,puwngX,scabbard ornament
迸,pˤreŋs,bèng,peangH,drive out
堋,pˤəŋs,bèng,pongH,put coffin in grave
偪,prək,bī,pik,"to press, urge"
逼,prək,bī,pik,"urge, press"
鼻,Cə.bits,bí,bjijH,smell (v.t.)
鼻,m-bits,bí,bjijH,nose
鄙,prəʔ,bǐ,pijX,border town
筆,p.rut,bǐ,pit,writing brush
彼,pajʔ,bǐ,pjeX,that
比,C.pijʔ,bǐ,pjijX,compare
匕,pijʔ,bǐ,pjijX,"ladle, spoon"
匕,pijʔ,bǐ,pjijX,spoon
妣,pijʔ,bǐ,pjijX,deceased mother
秕,pijʔ,bǐ,pjijX,chaff; petty
髀,m-pˤeʔ,bì,bejX,femur
辟,bˤek,bì,bek,inner coffin
苾,bˤit,bì,bet,fragrant
邲,brit,bì,bit,[place name]
庳,N-peʔ,bì,bjieX,"low, short"
婢,beʔ,bì,bjieX,female slave or servant
避,beks,bì,bjieH,avoid
敝,bets,bì,bjiejH,destroy; worn out
幣,bets,bì,bjiejH,offering of silk
斃,bets,bì,bjiejH,fall down (from wound or illness)
辟,N-pek,bì,bjiek,"law, rule; lawful"
邲,bit,bì,bjit,[place name]
嬖,pˤeks,bì,pejH,favorite (n.)
閉,pˤits,bì,pejH,close (v.); obstruct
壁,C.pˤek,bì,pek,house wall
毖,prits,bì,pijH,cautious
閟,prits,bì,pijH,"to shut, close"
柲,prit,bì,pit,"shaft, handle (of a weapon)"
碧,prak,bì,pjaek,light blue
賁,pors,bì,pjeH,ornate (name of a hexagram)
髀,peʔ,bì,pjieX,"femur, haunch"
臂,peks,bì,pjieH,arm
蔽,pets,bì,pjiejH,cover (v.)
辟,pek,bì,pjiek,"ruler, prince"
璧,pek,bì,pjiek,circular jade insignium
庇,pij,bì,pjij,cover; protect
畀,pits,bì,pjijH,give
比,pijs,bì,pjijH,combine; all
庇,pijs,bì,pjijH,cover; protect
妣,pijʔ-s,bì,pjijH,deceased mother
必,pit,bì,pjit,necessarily
畢,pit,bì,pjit,wooden fork
畢,pit,bì,pjit,bird-net
畢,pit,bì,pjit,finish (v.)
彃,pit,bì,pjit,shoot
篳,pit,bì,pjit,wattle
蹕,pit,bì,pjit,prohibit
韠,pit,bì,pjit,knee cover
邊,pˤen,biān,pen,side
編,pˤer,biān,pen,"plait, weave"
𠓥,pen,biān,pjien,whip (n.)
鞭,pen,biān,pjien,whip (n.)
籩,pen,biān,pjien,kind of vessel
編,per,biān,pjien,"plait, weave"
扁,pˤerʔ,biǎn,penX,flat and thin
貶,promʔ,biǎn,pjemX,diminish
貶,premʔ,biǎn,pjemX,diminish
窆,proms,biǎn,pjemH,put coffin in grave
釆,bˤrens,biàn,beanH,discriminate
辮,m-pˤerʔ,biàn,benX,"braid (v., n.) (Shuōwén)"
辨,brenʔ,biàn,bjenX,distinguish
辯,brenʔ,biàn,bjenX,"distinguish, dispute (v.)"
弁,C.brons,biàn,bjenH,cap
卞,brons,biàn,bjenH,law
諞,m-pʰerʔ,biàn,bjienX,insincere words
便,bens,biàn,bjienH,comfortable; advantageous
徧,pˤens,biàn,penH,(go) all around
辡,prenʔ,biàn,pjenX,criminals accusing one another (Shuōwén)
變,prons,biàn,pjenH,change (v.)
髟,priw,biāo,pjiw,long hair
表,prawʔ,biǎo,pjewX,exterior
摽,bewʔ,biào,bjiewX,"fall down, strike down"
鱉,pet,biē,pjiet,soft-shelled turtle (Trionychidae?)
別,N-pret,bié,bjet,be separated (intr.)
別,pret,bié,pjet,separate (tr.)
豳,prən,bīn,pin,(place name)
賓,pin,bīn,pjin,guest
瀕,pin,bīn,pjin,"river bank, shore"
冫,p.rəŋ,bīng,ping,ice
冰,p.rəŋ,bīng,ping,ice
兵,praŋ,bīng,pjaeng,weapon
并,peŋ,bīng,pjieng,combine two things
禀,p.rimʔ,bǐng,limX,rations
稟,p.rimʔ,bǐng,pimX,receive
稟,p.rimʔ,bǐng,pimX,rations
禀,p.rimʔ,bǐng,pimX,rations; receive
丙,praŋʔ,bǐng,pjaengX,3d heavenly stem
邴,praŋʔ,bǐng,pjaengX,(place name)
秉,praŋʔ,bǐng,pjaengX,grasp
餅,peŋʔ,bǐng,pjiengX,cake
並,bˤeŋʔ,bìng,bengX,"side by side, together"
病,braŋs,bìng,bjaengH,extreme illness
枋,praŋʔ-s,bìng,pjaengH,handle (n.)
柄,praŋʔ-s,bìng,pjaengH,handle (n.)
棅,praŋʔ-s,bìng,pjaengH,a handle
并,peŋs,bìng,pjiengH,combine two things
波,pˤaj,bō,pa,wave (n.)
番,pˤar,bō,pa,martial
剝,pˤrok,bō,paewk,"flay, peel"
撥,pˤat,bō,pat,spread out
帛,bˤrak,bó,baek,silk
薄,bˤak,bó,bak,thin
泊,bˤak,bó,bak,"calm, still"
孛,bˤut,bó,bwot,comet
艴,bˤut,bó,bwot,annoyed looks
勃,bˤut,bó,bwot,confused
悖,bˤut,bó,bwot,confused
伯,pˤrak,bó,paek,father’s elder brother
駁,pˤrawk,bó,paewk,horse of mixed color
博,pˤak,bó,pak,broad
搏,pˤak,bó,pak,strike
胉,pʰˤak,bó,phak,shoulder blade
搏,praks,bó,pjuH,strike
襮,pˤawk,bó,powk,embroidered collar
跛,pˤajʔ,bǒ,paX,walk lame
簸,pˤajʔ,bǒ,paX,winnow (v.)
簸,pˤajʔ-s,bò,paH,winnow (v.)
播,pˤars,bò,paH,to sow
擘,pˤrek,bò,peak,"cleave, split"
哺,bˤas,bǔ,buH,food held in the mouth
補,Cə.pˤaʔ,bǔ,puX,to patch
卜,pˤok,bǔ,puwk,divine (v.)
簿,bˤaʔ,bù,buX,register (n.)
步,mə.bˤas,bù,buH,step
部,bˤroʔ,bù,buwX,"lead (v.), govern"
不,pə,bù,pjuw,not
不,pə,bù,pjuw,不律 writing brush (pron. in Wú 吳 ap. Shuōwén; E. Hàn)
布,pˤas,bù,puH,cloth
才,dzˤə,cái,dzoj,"talent, ability"
材,dzˤə,cái,dzoj,timber
財,dzˤə,cái,dzoj,wealth
裁,dzˤə,cái,dzoj,cut out clothes
采,s.Cˤrəʔ,cǎi,tshojX,"gather, pluck"
采,s.Cˤrəʔ,cǎi,tshojX,colorful
彩,s.Cˤrəʔ,cǎi,tshojX,colorful
採,s.Cˤrəʔ,cǎi,tshojX,"gather, pluck"
蔡,s.Cˤrats,cài,tshajH,(name of a state)
菜,s.Cˤrəʔ-s,cài,tshojH,vegetables
參,Cˤrəʔ,cān,tshom,accumulate
驂,m-sˤrum,cān,tshom,team of three horses
慚,dzˤam,cán,dzam,ashamed
慙,dzˤam,cán,dzam,ashamed
殘,dzˤan,cán,dzan,damage; hurt; cruel
蠶,C.dzˤəm,cán,dzom,silkworm
粲,tsʰˤars,càn,tshanH,bright and white
倉,s.Cˤraŋ,cāng,tshang,tshang-kaeng 'oriole'
凔,tsʰˤaŋ,cāng,tshang,cold
蒼,tsʰˤaŋ,cāng,tshang,deep blue or green
倉,tsʰˤaŋ,cāng,tshang,granary
藏,m-tsʰˤaŋ,cáng,dzang,store (v.)
操,tsʰˤawʔ,cāo,tshawX,grasp (v.)
操,tsʰˤawʔ-s,cāo,tshawH,(what is grasped:) principles
曹,N-tsˤu,cáo,dzaw,come together; pair
草,tsʰˤuʔ,cǎo,tshawX,"grass, plants"
草,tsʰˤuʔ,cǎo,tshawX,"rough, coarse"
册,tsʰˤrek,cè,tsrheak,"tablet, records"
策,tsʰˤrek,cè,tsrheak,"tablet, record"
栅,tsʰˤrek,cè,tsrheak,hedge
廁,tsʰrəks,cè,tsrhiH,latrine
畟,Nə.tsʰrək,cè,tsrhik,sharp-cutting
測,tsʰrək,cè,tsrhik,fathom (v.)
側,tsrək,cè,tsrik,"slanting, oblique; side"
參,tsʰrum,cēn,tsrhim,參差 tsrhim.tsrhje uneven
層,N-s-tˤəŋ,céng,dzong,"in two storeys, double"
曾,dzˤəŋ,céng,dzong,(adverb indicating past time)
層,m-s-tˤəŋ,céng,dzong,"additional floor, field"
差,tsʰraj,chā,tsrhae,distinction; to select
臿,tsʰrop,chā,tsrheap,pestle
插,mə.tsʰrop,chā,tsrheap,insert
扱,s-qʰrəp,chā,tsrheap,"gather, collect"
秅,dˤra,chá,drae,a certain number of sheaves of grain
荼,lˤra,chá,drae,(name of a plant)
槎,dzˤraj,chá,dzrae,cut trees
槎,dzˤrajʔ,chá,dzraeX,to cut trees
察,tsʰˤret,chá,tsrheat,examine
詫,tʰˤraks,chà,trhaeH,tell
拆,qʰˤrak,chāi,trhaek,"take apart, dismantle"
差,tsʰraj,chāi,tsrhea,distinction; to select
差,tsʰˤraj,chāi,tsrheaj,distinction; to select
祡,C.dzˤrej,chái,dzrea,firewood
儕,dzˤrəj,chái,dzreaj,"category, equals"
豺,dzˤrə,chái,dzreaj,wolf
蠆,mə.Cˤrats,chài,trhaejH,scorpion
幨,tʰam,chān,tsyhem,"cut out, cut loose"
襜,tʰam,chān,tsyhem,"apron; shake, move (skirts)"
廛,dran,chán,drjen,farmyard
躔,dran,chán,drjen,tracks; orbit (v.)
纏,dran,chán,drjen,"bind, wind"
孱,dzran,chán,dzrean,timid
蟬,dar,chán,dzyen,cicada
單,dar,chán,dzyen,單于 chányú: Xiōngnú  ruler (W. Hàn)
產,s-ŋrarʔ,chǎn,sreanX,"bear (v.), produce"
諂,qʰromʔ,chǎn,trhjemX,flatter (v.)
讇,qʰromʔ,chǎn,trhjemX,to flatter
幨,tʰams,chàn,tsyhemH,overcoat
長,Cə.N-traŋ,cháng,drjang,long (adj.)
場,lraŋ,cháng,drjang,arena
腸,lraŋ,cháng,drjang,intestines
嘗,Cə.daŋ,cháng,dzyang,taste (v.)
常,daŋ,cháng,dzyang,constant
裳,daŋ,cháng,dzyang,lower garment
惝,tʰaŋʔ,chǎng,tsyhangX,despondent; scared
敞,tʰaŋʔ,chǎng,tsyhangX,"open, spacious"
鬯,tʰraŋs,chàng,trhjangH,aromatic spirits
悵,tʰraŋs,chàng,trhjangH,disappointed
倡,mə.tʰaŋs,chàng,tsyhangH,to lead (in singing)
唱,mə.tʰaŋs,chàng,tsyhangH,to lead (in singing)
超,tʰraw,chāo,trhjew,"leap over, surpass"
潮,N-traw,cháo,drjew,morning tide
朝,m-traw,cháo,drjew,(morning) audience at court
巢,dzˤraw,cháo,dzraew,nest
炒,tsʰˤrewʔ,chǎo,tsrhaewX,to stir-fry
車,t.qʰrA,chē,tsyhae,chariot
澈,dret,chè,drjet,"clear, limpid"
徹,m-tʰret,chè,drjet,penetrate
撤,m-tʰret,chè,drjet,"remove, take away"
徹,m-tʰret,chè,drjet,divide land acc. to a certain share system
坼,Nə.qʰˤrak,chè,trhaek,split (v.i.)
撤,tʰret,chè,trhjet,"remove, take away"
徹,tʰret,chè,trhjet,divide land acc. to a certain share system
徹,tʰret,chè,trhjet,penetrate
瞋,tʰin,chēn,tsyhin,glare (v.)
沈,C.drəm,chén,drim,sink (v.t.)
沈,drəm,chén,drim,sink (v.i.)
沈,drəm,chén,drim,sacrifice in which gifts are sunk in water
沈,drəms,chén,drimH,sacrifice in which gifts are sunk in water
塵,drən,chén,drin,dust (n.)
陳,lrin,chén,drin,arrange
煁,dəm,chén,dzyim,small furnace
忱,t.ɢum,chén,dzyim,sincere
諶,t.ɢum,chén,dzyim,"reliable, to trust"
辰,dər,chén,dzyin,5th earthly branch
晨,dər,chén,dzyin,early
臣,giŋ,chén,dzyin,"slave, subject"
晨,sə.dər,chén,zyin,part of Scorpio; morning
瞠,tʰˤraŋ,chēng,trhaeng,stare
赬,t.kʰreŋ,chēng,trhjeng,red
䞓,t-kʰreŋ,chēng,trhjeng,red
稱,tʰəŋ,chēng,tsyhing,weigh; evaluate; call
棖,m-tˤraŋ,chéng,draeng,door-posts
𣥺,m-tˤraŋ,chéng,draeng,serve as support for
橙,dˤrəŋ,chéng,dreang,citrus tree (Shuōwén)
澄,drəŋ,chéng,dring,"limpid, clear"
懲,m-trəŋ,chéng,dring,reprove; punish
程,C.lreŋ,chéng,drjeng,Chéng (a surname)
程,lreŋ,chéng,drjeng,"rule, norm"
呈,lreŋ,chéng,drjeng,to manifest
承,m-təŋ,chéng,dzying,receive
丞,m-təŋ,chéng,dzying,assist
成,deŋ,chéng,dzyeng,to become (v.i.)
城,deŋ,chéng,dzyeng,city wall
誠,deŋ,chéng,dzyeng,sincere
盛,deŋ,chéng,dzyeng,put in (a receptacle)
成,m-deŋ,chéng,dzyeng,to complete (tr. v)
乘,Cə.ləŋ,chéng,zying,ride (v.)
塍,m.ləŋ,chéng,zying,raised path between fields
逞,C-lreŋʔ,chěng,trhjengX,to run after; gratify one’s desire
騁,Creŋʔ,chěng,trhjengX,gallop
稱,mə.tʰəŋs,chèng,tsyhingH,steelyard
絺,qʰrəj,chī,trhij,fine cloth
离,Craj,chī,trhje,mountain demon
魑,Craj,chī,trhje,demon
螭,Craj,chī,trhje,demon
鴟,tʰij,chī,tsyhij,鴟鵂 tsyhij.xjuw owl
治,C.lrə,chí,dri,"regulate, arrange"
持,drə,chí,dri,"grasp, hold"
蚳,drij,chí,drij,ant egg
坻,drij,chí,drij,islet
遟,lrəj,chí,drij,slow
遲,lrəj,chí,drij,slow
池,Cə.lraj,chí,drje,pool (n.)
踟,dre,chí,drje,踟躕 *[d]re.[d]ro walk hesitatingly
馳,lraj,chí,drje,gallop
篪,lre,chí,drje,a kind of flute
弛,C-lajʔ,chí,syeX,slacken (a bow)
恥,C-nrəʔ,chǐ,trhiX,shame; ashamed
齒,t-kʰəŋʔ,chǐ,tsyhiX,front teeth
哆,t-C-lAjʔ,chǐ,tsyhaeX,large
哆,t-C-lajʔ,chǐ,tsyheX,large
侈,t-C-lajʔ,chǐ,tsyheX,extravagant
尺,tʰAk,chǐ,tsyhek,foot (measure)
翅,s-kʰes,chì,syeH,wing
勅,m-Crək,chì,trhik,correct (v.); to arrange
熾,tʰəks,chì,tsyhiH,blaze
赤,t-qʰrAk,chì,tsyhek,red
㡿,t-qʰAk,chì,tsyhek,salty soil
斥,tʰAk,chì,tsyhek,rebuff; salty soil
厈,tʰAk,chì,tsyhek,rebuff; salty soil
沖,druŋ,chōng,drjuwng,sound of cutting ice
舂,s-toŋ,chōng,syowng,"hull grain, beat (v.) stick for beating (n.)"
憃,s.toŋ,chōng,syowng,stupid
憃,qʰˤroŋ,chōng,trhaewng,stupid
忡,tʰruŋ,chōng,trhjuwng,"grieved, agitated"
衝,tʰoŋ,chōng,tsyhowng,rush against
充,tʰuŋ,chōng,tsyhuwng,"full, fill"
重,m-troŋ,chóng,drjowng,repeat; double
蟲,C.lruŋ,chóng,drjuwng,insect
崇,dzruŋ,chóng,dzrjuwng,"exalt, honor"
寵,Croŋʔ,chǒng,trhjowngX,"favor, grace"
抽,C-lru,chōu,trhjuw,"take out, pull out"
瘳,Criw,chōu,trhjuw,recover
稠,driw,chóu,drjuw,"dense, thick"
綢,driw,chóu,drjuw,bind round
𠃬,dru,chóu,drjuw,plowed field
𢏚,dru,chóu,drjuw,plowed field
疇,dru,chóu,drjuw,"in the past, yesterday"
疇,dru,chóu,drjuw,plowed field
愁,dzriw,chóu,dzrjuw,grieved
讎,du,chóu,dzyuw,pay back; enemy
丑,C-nruʔ,chǒu,trhjuwX,2d earthly branch
杻,C-nruʔ,chǒu,trhjuwX,"shackles, handcuffs"
杽,C-nruʔ,chǒu,trhjuwX,"shackles, handcuffs"
醜,t.qʰuʔ,chǒu,tsyhuwX,ugly; evil
醜,t.qʰuʔ,chǒu,tsyhuwX,category
臭,t-qʰuʔ-s,chòu,tsyhuwH,"odor, to stink (intransitive)?"
臭,qʰuʔ-s,chòu,xjuwH,"odor, to stink (intransitive)?"
初,tsʰra,chū,tsrhjo,beginning
出,t-kʰut,chū,tsyhwit,go or come out
除,lra,chú,drjo,remove; get rid of
廚,dro,chú,drju,kitchen
躕,dro,chú,drju,踟躕 drje.drjo walk hesitatingly
鉏,s-lra,chú,dzrjo,hoe (n.)
鋤,s-lra,chú,dzrjo,hoe (n.)
鋤,s-lra,chú,dzrjo,to hoe
芻,tsʰro,chú,tsrhju,grass for fuel or fodder
楚,s.Craʔ,chǔ,tsrhjoX,arrange in order
楚,s.Craʔ,chǔ,tsrhjoX,thorns
楚,s.Craʔ,chǔ,tsrhjoX,name of a state
處,t.qʰaʔ,chǔ,tsyhoX,be at
杵,t.qʰaʔ,chǔ,tsyhoX,pestle
豖,tʰrok,chù,trhjowk,hobbled pig (Shuōwén)
畜,qʰruks,chù,trhjuwH,domesticated animals
畜,qʰruk,chù,trhjuwk,store (v.)
稸,qʰruk,chù,trhjuwk,store; harbor (feelings)
滀,qʰruk,chù,trhjuwk,accumulated (feelings)
黜,t.kʰrut,chù,trhwit,expel
處,t.qʰaʔ-s,chù,tsyhoH,place (n.)
觸,tʰok,chù,tsyhowk,knock against
俶,tʰuk,chù,tsyhuwk,commence
揣,s-tʰrorʔ,chuǎi,tsrhjweX,to measure; to estimate
嘬,tsʰˤrots,chuài,tsrhwaejH,"bite, eat"
嘬,tsʰˤrots,chuài,tsrhweajH,"bite, eat"
巛,t.C-lun,chuān,tsyhwen,"stream, river"
川,t.C-lun,chuān,tsyhwen,"stream, river"
穿,tʰon,chuān,tsyhwen,bore through
椽,lron,chuán,drjwen,"beam, rafter"
傳,m-tron,chuán,drjwen,transmit
輲,dor,chuán,dzywen,car with solid wheels
船,Cə.lon,chuán,zywen,boat
舛,tʰonʔ,chuǎn,tsyhwenX,"oppose, contrary"
喘,tʰorʔ,chuǎn,tsyhwenX,to pant
窻,s-C-lˤroŋ,chuāng,tsrhaewng,window
窗,s-C-lˤroŋ,chuāng,tsrhaewng,window
䆫,s-C-lˤroŋ,chuāng,tsrhaewng,window
創,tsʰraŋ,chuāng,tsrhjang,wound (v.)
瘡,tsʰraŋ,chuāng,tsrhjang,"boil, tumor"
撞,N-tˤroŋ,chuáng,draewng,strike
幢,dˤroŋ,chuáng,draewng,a kind of flag
牀,k.dzraŋ,chuáng,dzrjang,bed
創,tsʰraŋs,chuàng,tsrhjangH,begin
吹,tʰor,chuī,tsyhwe,blow (v.)
錘,m-troj,chuí,drjwe,sledge-hammer
椎,k.druj,chuí,drwij,hammer
垂,doj,chuí,dzywe,hang down
捶,tojʔ,chuí,tsyweX,to beat
吹,tʰors,chuì,tsyhweH,musical concert
出,t-kʰuts,chuì,tsyhwijH,bring or take out
䡅,C-lrun,chūn,trhwin,ornate band on axle-cap of wheel (K)
輴,C-lrun,chūn,trhwin,funeral car
春,tʰun,chūn,tsyhwin,springtime
純,dun,chún,dzywin,"pure, unmixed"
純,dun,chún,dzywin,silken
淳,dur,chún,dzywin,a pair
淳,dur,chún,dzywin,"simple, unadorned"
淳,dur,chún,dzywin,ample
鶉,dur,chún,dzywin,quail
脣,sə.dur,chún,zywin,lip
漘,sə.dur,chún,zywin,borders of a river
躇,tʰrak,chuò,trhjak,"jump over, pass over"
綴,trot,chuò,trjwet,stitch
輟,trot,chuò,trjwet,"stop, cease"
錣,tˤrot,chuò,trwaet,iron point at end of whip
綽,tʰawk,chuò,tsyhak,"indulgent, gentle"
啜,tʰot,chuò,tsyhwet,"taste, eat, drink (v.)"
歠,tʰot,chuò,tsyhwet,"taste, eat, drink (v.)"
差,tsʰraj,cī,tsrhje,參差 uneven
慈,N-tsə,cí,dzi,"loving, kind"
餈,dzij,cí,dzij,rice or millet cake
辭,sə.lə,cí,zi,words
祠,sə.lə,cí,zi,sacrifice
詞,sə.lə,cí,zi,utterance
此,tsʰejʔ,cǐ,tshjeX,this
泚,tsʰejʔ,cǐ,tshjeX,clear (adj.)
賜,s-leks,cì,sjeH,give
次,s-C-nijs,cì,tshijH,lodge (v.)
次,s-C-nijs,cì,tshijH,put in order; second
朿,tsʰeks,cì,tshjeH,"sharp point, thorn"
刺,tsʰeks,cì,tshjeH,"sharp point, thorn"
刺,tsʰek,cì,tshjek,"pierce, stab"
蔥,tsʰˤoŋ,cōng,tshuwng,onion
聰,s-C-lˤoŋ,cōng,tshuwng,hear well; intelligent
從,dzoŋ,cóng,dzjowng,to follow
叢,dzˤoŋ,cóng,dzuwng,collect; thicket
取,tsʰˤoʔ,cǒu,tshuwX,take
粗,Nəs.Cˤra,cū,tshu,"coarse, thick (as hair)"
徂,dzˤa,cú,dzu,"advance, go to"
趣,tsʰok,cù,tshjowk,"urge, hasten, press"
竄,tsʰˤons,cuàn,tshwanH,hide; flee
崔,dzˤuj,cuī,dzwoj,"high, rocky"
衰,s.C-rˤruj,cuī,tshwoj,mourning clothes
催,s-tʰˤuj,cuī,tshwoj,"urge, repress"
縗,s.Cˤruj,cuī,tshwoj,mourning clothes
衰,tsʰroj,cuī,tsrhjwe,reduce
萃,dzups,cuì,dzwijH,"collect, crowd"
脃,tsʰots,cuì,tshjwejH,brittle
脆,tsʰots,cuì,tshjwejH,brittle
毳,tsʰops,cuì,tshjwejH,fine hair; felt
䄟,tsʰops,cuì,tshjwejH,sacrifice repeatedly (no pre-Qín exx.)
膬,tsʰot,cuì,tshjwet,"brittle, fragile"
倅,tsʰˤuts,cuì,tshwojH,assistant
啐,tsʰˤuts,cuì,tshwojH,taste (v.)
淬,tsʰˤuts,cuì,tshwojH,dip into a fluid
焠,tsʰˤuts,cuì,tshwojH,burn
㯔,tsʰrops,cuì,tsrhjwejH,to pound with a pestle
毳,tsʰrops,cuì,tsrhjwejH,"down, fine hair"
存,dzˤən,cún,dzwon,exist
刌,tsʰˤunʔ,cǔn,tshwonX,"cut, chop"
忖,tsʰˤunʔ,cǔn,tshwonX,"measure, consider"
寸,tsʰˤuns,cùn,tshwonH,thumb; inch
差,tsʰˤaj,cuō,tsha,"rub, polish, file (v.)"
磋,tsʰˤaj,cuō,tsha,"file, polish (v.)"
撮,tsʰˤot,cuō,tshwat,pinch; a pinch
鹺,N-tsˤaj,cuó,dza,salt
瑳,tsʰˤarʔ,cuǒ,tshaX,white and brilliant
脞,tsʰˤojʔ,cuǒ,tshwaX,"frivolous, trifling"
錯,tsʰˤak,cuò,tshak,slanting
措,tsʰˤaks,cuò,tshuH,place (v.)
剉,tsʰˤojs,cuò,tshwaH,cut
達,lˤat,dá,dat,arrive at
怛,tˤat,dá,tat,grieved
答,tˤup,dá,top,answer
荅,tˤəp,dá,top,small bean
大,lˤats,dà,daH,big
大,lˤats,dà,dajH,big
汰,lˤats,dài,dajH,wave
待,dˤəʔ,dài,dojX,wait on; depend on
詒,lˤəʔ,dài,dojX,"deceive, cheat"
怠,lˤəʔ,dài,dojX,"idle, negligent"
殆,lˤəʔ,dài,dojX,danger
迨,lˤəʔ,dài,dojX,come to
𨽿,lˤəʔ,dài,dojX,"come to, until, when"
袋,Cə.lˤəks,dài,dojH,bag
代,lˤəks,dài,dojH,replace
隶,mˤrəps,dài,dojH,reach to
逮,mˤrəps,dài,dojH,reach to
帶,C.tˤats,dài,tajH,"girdle, strap"
貸,C-lˤəks,dài,thojH,borrow; lend
戴,Cə.tˤəks,dài,tojH,carry on the head
儋,mə.tˤam,dān,tam,carry on the shoulder
擔,mə.tˤam,dān,tam,carry on the shoulder
單,Cə.tˤar,dān,tan,"single, simple"
鄲,tˤar,dān,tan,邯鄲 han.tan place name
丹,tˤan,dān,tan,cinnabar
耽,t-qˤəm,dān,tom,take pleasure
膽,tˤamʔ,dǎn,tamX,gall
癉,tˤanʔ,dǎn,tanX,illness; toil
𤺺,tˤanʔ,dǎn,tanX,illness; toil
亶,tˤanʔ,dǎn,tanX,"sincere, truly"
淡,lˤamʔ,dàn,damX,insipid
憺,lˤamʔ,dàn,damX,calm
澹,lˤamʔ,dàn,damX,calm
啖,mˤramʔ,dàn,damX,eat
啗,mˤramʔ,dàn,damX,eat
啗,mˤramʔ-s,dàn,damH,"eat, swallow"
但,dˤanʔ,dàn,danX,only
彈,dˤars,dàn,danH,pellet
禫,m.rˤumʔ,dàn,domX,sacrifice at end of mourning
窞,rˤomʔ,dàn,domX,坎窞 khomX.domX hole or pit
萏,rˤomʔ,dàn,domX,菡萏 homX.domX lotus flower
擔,tˤam,dàn,tam,burden
擔,mə.tˤams,dàn,tamH,burden
旦,tˤans,dàn,tanH,dawn
當,tˤaŋ,dāng,tang,"match (v.); have the value of, rank with"
黨,tˤaŋʔ,dǎng,tangX,500 families; relatives
蕩,N.rˤaŋʔ,dàng,dangX,beat furiously (of the heart)
愓,lˤaŋʔ,dàng,dangX,"carefree, extravagant"
碭,lˤaŋs,dàng,dangH,veined stone
蕩,lˤaŋs,dàng,dangH,"throw out, purify from"
當,tˤaŋs,dàng,tangH,suitable
刀,C.tˤaw,dāo,taw,knife
道,lˤuʔ-s,dǎo,dawH,show the way
導,lˤuʔ-s,dǎo,dawH,to lead
禱,tˤuʔ,dǎo,tawX,pray
倒,tˤawʔ,dǎo,tawX,turn upside down (v.i.)
擣,tˤuʔ,dǎo,tawX,pound (v.)
島,tˤuʔ,dǎo,tawX,island
道,kə.lˤuʔ,dào,dawX,way
稻,lˤuʔ,dào,dawX,"rice, paddy"
盜,dˤawks,dào,dawH,steal
悼,dˤawks,dào,dawH,sad; pity
纛,dˤuks,dào,dawH,"banner, streamer"
到,tˤawks,dào,tawH,arrive
倒,tˤawʔ-s,dào,tawH,"turn over, invert; pour"
得,tˤək,dé,tok,obtain
德,tˤək,dé,tok,virtue
登,k-tˤəŋ,dēng,tong,a kind of sacrificial vessel
鐙,k-tˤəŋ,dēng,tong,ritual vessel; lamp
燈,k-tˤəŋ,dēng,tong,lamp
豋,tˤəŋ,dēng,tong,step up
登,tˤəŋ,dēng,tong,ascend
等,tˤəŋʔ,děng,tongX,"step, grade"
氐,tˤij,dī,tej,Western tribes
敵,dˤek,dí,dek,oppose; enemy
狄,lˤek,dí,dek,(name of a northern tribe)
翟,lˤewk,dí,dek,pheasant
糴,lˤewk,dí,dek,buy grain
篴,lˤiwk,dí,dek,flute
滌,lˤiwk,dí,dek,"wash, clean (v.)"
嫡,tˤek,dí,tek,son of principal wife
蹢,tˤek,dí,tek,hoof
氐,tˤijʔ,dǐ,tejX,bottom
底,tˤijʔ,dǐ,tejX,"bottom; stop, obstruct"
抵,tˤijʔ,dǐ,tejX,push away
遞,lˤeʔ,dì,dejX,alternate
弟,lˤəjʔ,dì,dejX,younger brother
娣,lˤəjʔ,dì,dejX,younger secondary wife
棣,N.rˤəps,dì,dejH,dang-dejH cherry tree
折,dˤets,dì,dejH,solitary standing (sc. tree)
杕,dˤets,dì,dejH,solitary-growing (sc. tree)
軑,lˤets,dì,dejH,wheel-axle cap
第,lˤəjʔ-s,dì,dejH,sequence
睇,lˤəjs,dì,dejH,look at
地,lˤejs,dì,dijH,"earth, ground"
帝,tˤeks,dì,tejH,God
的,t-lˤewk,dì,tek,bright; mark in a target
顛,tˤin,diān,ten,top
㓠,tˤemʔ,diǎn,temX,black spot
點,tˤemʔ,diǎn,temX,black spot
典,tˤərʔ,diǎn,tenX,"statute, norm"
簟,lˤimʔ,diàn,demX,bamboo mat
驔,lˤimʔ,diàn,demX,horse with hairy legs
奠,N-tˤens,diàn,denH,be fixed (v.i.)
殿,N-tˤəns,diàn,denH,palace
電,lˤins,diàn,denH,lightning
佃,lˤiŋs,diàn,denH,hunt
畋,lˤiŋs,diàn,denH,cultivate a field
甸,lˤiŋs,diàn,denH,open space outside city
奠,m-tˤens,diàn,denH,set forth (v.t.)
玷,tˤemʔ,diàn,temX,black spot
墊,tˤims,diàn,temH,descend
店,tˤems,diàn,temH,shop [not in GSR]
玷,tˤemʔ-s,diàn,temH,"black spot, flaw"
㓠,tˤemʔ-s,diàn,temH,"black spot, flaw"
殿,tˤəns,diàn,tenH,"rear (building, army unit)"
殿,tˤəns,diàn,tenH,"palace, hall"
凋,tˤiw,diāo,tew,wither (v.)
彫,tˤiw,diāo,tew,"engrave, carve"
雕,tˤiw,diāo,tew,bird of prey
弔,tˤiwk,diào,tek,arrive
釣,tˤewks,diào,tewH,to angle
弔,tˤewks,diào,tewH,grieved; condole
跌,lˤit,diē,det,stumble
疊,lˤip,dié,dep,"double, accumulate"
蝶,lˤep,dié,dep,hu-dep: butterfly
墆,dˤet,dié,det,hoard (v.)
垤,dˤit,dié,det,anthill
迭,lˤit,dié,det,alternate (v.)
墊,tˤip,dié,tep,"(place in Sìchuān, no pre-Hàn text)"
釘,tˤeŋ,dīng,teng,nail (n.)
丁,tˤeŋ,dīng,teng,4th heavenly stem
丁,tˤeŋ,dīng,teng,nail (n.)
頂,tˤeŋʔ,dǐng,tengX,top of the head
鼎,tˤeŋʔ,dǐng,tengX,cauldron
定,N-tˤeŋs,dìng,dengH,become fixed; settled (v.i.)
定,m-tˤeŋs,dìng,dengH,"make fixed, settle (v.t.)"
釘,tˤeŋs,dìng,tengH,nail (v.)
定,tˤeŋs,dìng,tengH,ready-cooked (food)
冬,tˤuŋ,dōng,towng,winter
東,tˤoŋ,dōng,tuwng,east
動,Cə.m-tˤoŋʔ,dòng,duwngX,move
凍,tˤoŋs,dòng,tuwngH,freeze
兜,tˤo,dōu,tuw,"helmet, hood"
斗,tˤoʔ,dǒu,tuwX,bushel; ladle
豆,N.tˤos,dòu,duwH,bean
豆,dˤoks,dòu,duwH,vessel with a neck
脰,kə.dˤoks,dòu,duwH,neck
竇,lˤoks,dòu,duwH,hole; drain
鬥,tˤoks,dòu,tuwH,"quarrel, wrangle"
鬭,tˤoks,dòu,tuwH,"quarrel, wrangle"
都,tˤa,dū,tu,capital city
毒,dˤuk,dú,dowk,poison (n.)
纛,dˤuk,dú,dowk,"banner, streamer"
毒,m-dˤuks,dú,dowk,to poison (v.)
讀,C.lˤok,dú,duwk,read (v.)
獨,dˤok,dú,duwk,alone; only
櫝,lˤok,dú,duwk,coffer; box
牘,lˤok,dú,duwk,tablet
犢,lˤok,dú,duwk,calf
裻,sˤuk,dú,sowk,seam in the back of coat
裻,tˤuk,dú,towk,seam in the back of coat
篤,tˤuk,dǔ,towk,"firm, solid"
賭,mə.tˤaʔ,dǔ,tuX,wager
堵,tˤaʔ,dǔ,tuX,a row or set of bells or musical stones
堵,tˤaʔ,dǔ,tuX,measure of length of wall
睹,tˤaʔ,dǔ,tuX,see
肚,tˤaʔ,dǔ,tuX,"belly, stomach"
肚,m-tˤaʔ,dù,duX,belly
度,dˤaks,dù,duH,measure (n.)
渡,dˤaks,dù,duH,to ford
妬,tˤaks,dù,tuH,jealous
妒,tˤaks,dù,tuH,jealous
蠹,tˤaks,dù,tuH,"grubs in wood, vermin"
耑,tˤor,duān,twan,tip (n.)
端,tˤor,duān,twan,tip (n.)
短,tˤorʔ,duǎn,twanX,short
斷,N-tˤonʔ,duàn,dwanX,be cut in two
斷,tˤonʔ,duàn,twanX,cut in two
段,tˤons,duàn,twanH,hammer
斷,tˤonʔ-s,duàn,twanH,cut off; decide
𠂤,C.tˤuj,duī,twoj,heap; mound
堆,C.tˤuj,duī,twoj,heap; mound
敦,tˤur,duī,twoj,"manage, direct"
懟,drups,duì,drwijH,ill-will
兑,lˤots,duì,dwajH,passage; opening
兑,lˤots,duì,dwajH,glad
隊,lˤuts,duì,dwojH,troop
轛,truts,duì,trwijH,wooden crosspieces under carriage box
對,tˤups,duì,twojH,respond
敦,tˤur,dūn,twon,"solid, thick"
敦,tˤur,dūn,twon,敦煌 ~ 燉煌 Dūnhuáng
豚,lˤunʔ,dùn,dwonX,drag feet; withdraw
遯,lˤunʔ,dùn,dwonX,withdraw
盾,lˤunʔ,dùn,dwonX,shield
遁,lˤunʔ,dùn,dwonX,withdraw
遯,lˤunʔ-s,dùn,dwonH,withdraw
遁,lˤunʔ-s,dùn,dwonH,withdraw
多,t.lˤaj,duō,ta,many
咄,tˤut,duō,twot,scold
度,dˤak,duó,dak,measure (v.)
鐸,lˤak,duó,dak,a kind of bell
奪,Cə.lˤot,duó,dwat,seize
掇,trot,duó,trjwet,"pick, gather"
掇,tˤot,duó,twat,"pick, gather"
舵,lˤajʔ,duò,daX,rudder; helm
墮,lˤojʔ,duò,dwaX,to fall
惰,lˤojʔ,duò,dwaX,lazy
阿,qˤaj,ē,'a,"slope, river bank"
阿,ʔˤa,ē,'a,阿會亘 ēhuìxuān: Skt. ābhāsvara “shining” (E. Hàn)
鵝,ŋˤar,é,nga,goose
蛾,ŋˤaj,é,nga,silkworm moth [Bombyx]
額,C.ŋˤrak,é,ngaek,forehead
譌,m-qʰˤʷaj,é,ngwa,"deceive, false"
吪,m-qʰˤʷaj,é,ngwa,move; change
訛,m-qʰˤʷaj,é,ngwa,move; change
堊,ʔˤak,è,'ak,plaster (v.)
惡,ʔˤak,è,'ak,"bad, ugly"
閼,qˤat,è,'at,repress; cease
遏,qˤat,è,'at,repress; cease
頞,ʔˤat,è,'at,root of the nose
戹,qˤrik,è,'eak,part of a yoke
厄,qˤrik,è,'eak,part of a yoke
軛,qˤrik,è,'eak,part of a yoke
阨,qˤrik,è,'eak,a narrow pass
搤,qˤrik,è,'eak,grasp
隘,qˤrik,è,'eak,a narrow pass
餓,ŋˤajs,è,ngaH,hungry
愕,N-qʰˤak,è,ngak,scared
咢,ŋˤak,è,ngak,beat a drum
遌,ŋˤak,è,ngak,unexpectedly come across
諤,ŋˤak,è,ngak,speak frankly
恩,ʔˤən,ēn,'on,"kindness, favor"
而,nə,ér,nyi,"and, but"
兒,ŋe,ér,nye,child
爾,nˤərʔ,ěr,nejX,numerous
耳,C.nəʔ,ěr,nyiX,ear
耳,nəʔ,ěr,nyiX,=而已 “that’s all”
餌,C.nəʔ-s,ěr,nyiH,bait
尔,nərʔ,ěr,nyeX,you(r)
爾,nərʔ,ěr,nyeX,(adv. suffix)
爾,nərʔ,ěr,nyeX,you(r)
邇,nərʔ,ěr,nyeX,near
二,nijs,èr,nyijH,two
貳,nijs,èr,nyijH,two
發,Cə.pat,fā,pjot,"fly forth, send forth"
乏,brop,fá,bjop,lack (v.)
罰,bat,fá,bjot,punish
伐,m-pat,fá,bjot,cut; strike; attack
法,p.kap,fǎ,pjop,"model, law"
灋,p.kap,fǎ,pjop,"model, law"
髮,pot,fà,pjot,root; hair (of head)
番,pʰar,fān,phjon,"a turn, a time"
蕃,par,fān,pjon,"hedge, screen, fence"
藩,par,fān,pjon,"hedge, screen, fence"
笲,brons,fán,bjenH,basket
凡,brom,fán,bjom,in every case
煩,ban,fán,bjon,troubled
燔,bar,fán,bjon,"burn, roast"
蕃,bar,fán,bjon,luxuriant (growth)
繁,bar,fán,bjon,"abundant, numerous"
反,bˤranʔ,fǎn,baenX,"dignified, grand"
反,Cə.panʔ,fǎn,pjonX,reverse (v.)
返,Cə.panʔ,fǎn,pjonX,return
範,bromʔ,fàn,bjomX,casting mold
范,bromʔ,fàn,bjomX,(surname)
范,m-pʰromʔ,fàn,bjomX,bee
飯,bonʔ,fàn,bjonX,eat
飯,bonʔ-s,fàn,bjonH,cooked rice or millet
汎,brum,fàn,bjuwng,float about; universally
泛,pʰroms,fàn,phjomH,to float
芳,pʰaŋ,fāng,phjang,fragrant
方,C-paŋ,fāng,pjang,square
方,paŋ,fāng,pjang,method
方,paŋ,fāng,pjang,"just, then"
匚,paŋ,fāng,pjang,"container, box (Shuōwén)"
房,Cə.N-paŋ,fáng,bjang,side-room
坊,baŋ,fáng,bjang,dike
魴,baŋ,fáng,bjang,bream
防,m-paŋ,fáng,bjang,dike
妨,pʰaŋ,fáng,phjang,oppose
舫,pˤaŋs,fǎng,pangH,boat
紡,pʰaŋʔ,fǎng,phjangX,"twist, spin"
髣,pʰaŋʔ,fǎng,phjangX,phjangX-phjut seem
訪,pʰaŋs,fǎng,phjangH,"enquire, scrutinize"
放,paŋʔ,fǎng,pjangX,imitate
昉,paŋʔ,fǎng,pjangX,"just then, at that time"
瓬,paŋʔ,fǎng,pjangX,pottery
旊,paŋʔ,fǎng,pjangX,pottery
舫,paŋs,fǎng,pjangH,boat
放,paŋs,fàng,pjangH,release; let go
妃,pʰəj,fēi,phj+j,consort; match
飛,Cə.pər,fēi,pj+j,fly (v.)
扉,pəj,fēi,pj+j,wooden door-leaf
非,pəj,fēi,pj+j,is not
肥,bər,féi,bj+j,fat (adj.)
朏,pʰəjʔ,fěi,phj+jX,new light of the moon
誹,pəj,fěi,pj+j,slander
匪,pəjʔ,fěi,pj+jX,bamboo basket
匪,pəjʔ,fěi,pj+jX,bandit
蜚,pəjʔ,fěi,pj+jX,noxious insect
吠,Cə.bots,fèi,bjojH,bark (v.)
昲,pʰuts,fèi,phj+jH,bake in the sun
費,pʰuts,fèi,phj+jH,squander
肺,pʰots,fèi,phjojH,lung
祓,pʰut,fèi,phjut,CHECK
沸,Nə.puts,fèi,pj+jH,boil (v.)
疿,puts,fèi,pj+jH,prickly heat
廢,p-kaps,fèi,pjojH,cast aside
廢,pats,fèi,pjojH,great
祓,pots,fèi,pjojH,expel noxious influences
𦐈,Cə.pər,fēn,pjun,"fly (v.), soar"
饙,pur,fēn,pjun,to steam rice
分,pən,fēn,pjun,divide
焚,bun,fén,bjun,burn (v.)
賁,bur,fén,bjun,"great, big"
粉,mə.pənʔ,fěn,pjunX,flour
憤,burʔ,fèn,bjunX,unhappy
分,m-pəns,fèn,bjunH,alloted duty
奮,Cə.pərs,fèn,pjunH,spread wings and fly
糞,purs,fèn,pjunH,"manure, dirt"
豐,pʰroŋ,fēng,phjowng,"luxuriant, abundant (K)"
豐,pʰroŋ,fēng,phjowng,a kind of ritual vessel
蜂,pʰroŋ,fēng,phjowng,bee
鋒,pʰroŋ,fēng,phjowng,point of a weapon
豐,pʰroŋ,fēng,phjuwng,kind of ritual vessel
封,proŋ,fēng,pjowng,raise a mound; enfeoff
風,prəm,fēng,pjuwng,wind (n.)
縫,mə.broŋ,féng,bjowng,sew
逢,C.broŋ,féng,bjowng,encounter (v.)
覂,promʔ,fěng,pjowngX,overturn (no pre-Hàn exx.)
奉,m-pʰroŋʔ,fèng,bjowngX,present (v.) with both hands
縫,C.broŋs,fèng,bjowngH,seam
奉,pʰroŋʔ,fèng,phjowngX,hold with both hands; to present; receive
賵,pʰruŋs,fèng,phjuwngH,gift in aid of burial
風,prəms,fèng,pjuwngH,blow; criticize
諷,prəms,fèng,pjuwngH,to recite
缶,pruʔ,fǒu,pjuwX,earthenware
否,pəʔ,fǒu,pjuwX,not
鋪,pʰra,fū,phju,spread out
敷,pʰra,fū,phju,spread widely
夫,pra,fū,pju,man
膚,pra,fū,pju,skin
怫,buts,fú,bj+jH,grieved
幞,brok,fú,bjowk,kerchief (Shuōwén)
符,bro,fú,bju,a tally
夫,ba,fú,bju,"this, that"
夫,ba,fú,bju,final particle
扶,m-pra,fú,bju,crawl
扶,m-pra,fú,bju,assist
佛,but,fú,bjut,great
怫,but,fú,bjut,"grieved, annoyed"
咈,m-put,fú,bjut,oppose
枹,bru,fú,bjuw,drum stick
蜉,bru,fú,bjuw,mayfly
浮,m.bru,fú,bjuw,float (v.)
伏,bəks,fú,bjuwH,hatch (v.)
畐,bək,fú,bjuwk,fullness
匐,bək,fú,bjuwk,crawl (bu.bjuwk)
𠬝,bək,fú,bjuwk,subdue; submit
服,bək,fú,bjuwk,quiver (n.)
服,bək,fú,bjuwk,garment; wear (v.)
服,bək,fú,bjuwk,"subdue, submit"
箙,bək,fú,bjuwk,a quiver
伏,bək,fú,bjuwk,lie prostrate
匐,bˤək,fú,bok,crawl
刜,pʰut,fú,phjut,chop (v.)
拂,pʰut,fú,phjut,"to brush, shake"
彿,pʰut,fú,phjut,phjangX.phjut seem
茀,pʰut,fú,phjut,shrubby
艴,pʰut,fú,phjut,annoyed looks
幅,prək,fú,pik,strap around the leg
弗,put,fú,pjut,(negation)
茀,put,fú,pjut,remove dense vegetation
紱,put,fú,pjut,silk band for a seal
弗,put,fú,pjut,gust of wind
弗,put,fú,pjut,"writing brush (pron. in Yān 燕, ap. Shuōwén, E. Hàn)"
福,pək,fú,pjuwk,blessing
輻,pək,fú,pjuwk,spokes of a wheel
幅,pək,fú,pjuwk,strap around the leg
幅,pək,fú,pjuwk,width (of cloth); wide
輔,braʔ,fǔ,bjuX,help
腐,broʔ,fǔ,bjuX,rotten
撫,pʰraʔ,fǔ,phjuX,lay the hand on
鈇,praʔ,fǔ,pjuX,axe
父,praʔ,fǔ,pjuX,(respectful suffix in male names)
斧,praʔ,fǔ,pjuX,axe
甫,praʔ,fǔ,pjuX,begin
脯,praʔ,fǔ,pjuX,dried meat
簠,praʔ,fǔ,pjuX,(a kind of ritual vessel)
府,proʔ,fǔ,pjuX,repository
甫,praʔ,fǔ,pjuX,great
縛,bak,fù,bjak,bind (v.)
父,N-praʔ,fù,bjuX,father
附,N-proʔ-s,fù,bjuH,be attached to
傅,bras,fù,bjuH,be attached
阜,bruʔ,fù,bjuwX,big mound
服,bəʔ,fù,bjuwX,box of a carriage
負,bəʔ,fù,bjuwX,carry on the back
婦,mə.bəʔ,fù,bjuwX,"woman, wife"
復,N-pruks,fù,bjuwH,again
复,m-pruk,fù,bjuwk,return
復,m-pruk,fù,bjuwk,return
輹,m-pruk,fù,bjuwk,support under box of carriage
𠠦,pˤrək,fù,peak,"slit, cut open"
副,pʰrək,fù,phik,"split, cut open, cleave"
赴,pʰroks,fù,phjuH,hasten to
覆,pʰruks,fù,phjuwH,cover
副,pʰəks,fù,phjuwH,secondary
覆,pʰruk,fù,phjuwk,turn over
傅,praʔ-s,fù,pjuH,teacher
賦,pras,fù,pjuH,tax
賦,pras,fù,pjuH,ballad
付,pros,fù,pjuH,give
富,pəks,fù,pjuwH,rich; wealth
腹,pruk,fù,pjuwk,belly
複,pruk,fù,pjuwk,"double, lined (garment)"
該,kˤə,gāi,koj,"all, complete"
改,C.qˤəʔ,gǎi,kojX,change (v.)
攺,C.qˤəʔ,gǎi,kojX,change (v.)
蓋,kˤaps,gài,kajH,cover (v.); cover (n.)
匃,kˤats,gài,kajH,beg (v.)
匃,kˤat,gài,kat,beg (v.)
概,kˤəts,gài,kojH,to strickle
溉,kˤəts,gài,kojH,to wash
甘,kˤam,gān,kam,sweet
干,kˤar,gān,kan,pole
乾,kˤar,gān,kan,dry
漧,kˤar,gān,kan,dry
干,kˤar,gān,kan,shield (n.)
奸,kˤar,gān,kan,treacherous
干,kˤar,gān,kan,"piece, item"
干,kˤar,gān,kan,(placename)
竿,kˤar,gān,kan,"pole, rod"
肝,s.kˤar,gān,kan,liver
敢,kˤamʔ,gǎn,kamX,dare
秆,kˤarʔ,gǎn,kanX,straw of grain
笴,kˤarʔ,gǎn,kanX,shaft of an arrow
簳,kˤarʔ,gǎn,kanX,slender bamboo
感,kˤəmʔ,gǎn,komX,move (emotionally) (v.t.)
倝,kˤars,gàn,kanH,sunrise (Shuowen)
幹,kˤars,gàn,kanH,stem; framework
贛,komʔ,gàn,komX,the Gàn river
贛,kˤoms,gàn,komH,the Gàn river in Jiangxi
鋼,C.kˤaŋ,gāng,kang,cast iron; steel
亢,k-ŋˤaŋ,gāng,kang,lift high
剛,kˤaŋ,gāng,kang,strong; hard
綱,kˤaŋ,gāng,kang,guiding rope of net
高,Cə.kˤaw,gāo,kaw,"high, tall"
膏,Cə.kˤaw,gāo,kaw,lard (n.)
皋,kˤu,gāo,kaw,announce
鼛,kˤu,gāo,kaw,big drum
膏,kˤaws,gāo,kawH,smear with lard (v.)
稿,Cə.kˤawʔ,gǎo,kawX,straw
告,kˤuks,gào,kawH,"announce, inform"
誥,kˤuks,gào,kawH,"announce, inform"
告,kˤuk,gào,kowk,"announce, inform"
郜,kˤuk,gào,kowk,(place name)
歌,kˤaj,gē,ka,"sing, song"
胳,C.qˤak,gē,kak,armpit
割,Cə.kˤat,gē,kat,cut (v.); harm (v.)
鴿,kˤəp,gē,kop,dove [not in GSR]
戈,kˤʷaj,gē,kwa,dagger-axe
𢓜,kˤrak,gé,kaek,go to
格,kˤrak,gé,kaek,go to
閣,C.kˤak,gé,kak,"shelf, frame"
葛,kˤat,gé,kat,Dolichos; kudzu
鬲,C.qˤrik,gé,keak,yoke
隔,kˤrek,gé,keak,"obstruct, separate (v.)"
革,kˤrək,gé,keak,"hide, skin"
革,kˤrək,gé,keak,change (v.)
韐,kˤrəp,gé,keap,knee-cover
閤,kˤop,gé,kop,small gate
韐,kˤəp,gé,kop,knee-cover
合,kˤop,gě,kop,together; put together; combined
箇,kˤars,gè,kaH,"piece, item"
個,kˤars,gè,kaH,"piece, item"
个,kˤars,gè,kaH,"tally, piece, item"
各,kˤak,gè,kak,each
根,kˤər,gēn,kon,"root, trunk"
亙,kˤəŋs,gèn,kongH,continuous; constant
更,kˤraŋ,gēng,kaeng,change (v.)
庚,kˤraŋ,gēng,kaeng,7th heavenly stem
羹,kˤraŋ,gēng,kaeng,soup
耕,kˤreŋ,gēng,keang,plow (v.)
梗,kˤraŋʔ,gěng,kaengX,suffering
耿,kˤreŋʔ,gěng,keangX,brilliant; wide awake
更,kˤraŋs,gèng,kaengH,still more
供,kroŋ,gōng,kjowng,"furnish; serve, offer"
龏,kroŋ,gōng,kjowng,respectful
龔,kroŋ,gōng,kjowng,respectful
恭,kroŋ,gōng,kjowng,respectful
宮,kruŋ,gōng,kjuwng,dwelling; palace; note of scale
躳,kruŋ,gōng,kjuwng,"body, person"
躬,kruŋ,gōng,kjuwng,"body, person"
弓,kʷəŋ,gōng,kjuwng,bow (n.)
公,C.qˤoŋ,gōng,kuwng,"impartial, just; public"
公,C.qˤoŋ,gōng,kuwng,father; prince
工,kˤoŋ,gōng,kuwng,officer
工,kˤoŋ,gōng,kuwng,work
功,kˤoŋ,gōng,kuwng,"work, effort"
攻,kˤoŋ,gōng,kuwng,attack
觥,kˤrʷaŋ,gōng,kwaeng,drinking horn
𠃋,kˤʷəŋ,gōng,kwong,(upper) arm
肱,kˤʷəŋ,gōng,kwong,(upper) arm
𢀜,kroŋʔ,gǒng,kjowngX,embrace
鞏,kroŋʔ,gǒng,kjowngX,bind with leather straps
廾,kroŋʔ,gǒng,kjowngX,join the hands
𠬞,kroŋʔ,gǒng,kjowngX,join the hands
拱,kroŋʔ,gǒng,kjowngX,join the hands
拲,kroŋʔ,gǒng,kjowngX,manacles
共,N-kroŋʔ-s,gòng,gjowngH,"together, all"
贛,kˤoms,gòng,kuwngH,tribute
貢,kˤoms,gòng,kuwngH,tribute
句,kˤro,gōu,kuw,curved
溝,kˤro,gōu,kuw,irrigation canal
篝,kˤro,gōu,kuw,bamboo cage
鉤,kˤro,gōu,kuw,hook
狗,Cə.kˤroʔ,gǒu,kuwX,dog
苟,kˤroʔ,gǒu,kuwX,if really
句,kˤroks,gòu,kuwH,loan for 彀 draw a bow to the full
彀,kˤroks,gòu,kuwH,draw a bow to the full
冓,kˤros,gòu,kuwH,中冓 inner chamber
媾,kˤros,gòu,kuwH,2nd marriage
覯,kˤros,gòu,kuwH,"come across, meet with"
購,kˤros,gòu,kuwH,"present (v.), give"
訽,qʰˤros,gòu,xuwH,"revile, insult"
呱,kˤʷa,gū,ku,wail
孤,kˤʷa,gū,ku,orphan
罛,kˤʷa,gū,ku,net
姑,kˤa,gū,ku,father's sister
菇,mə.kˤa,gū,ku,mushroom
賈,C.qˤaʔ,gǔ,kuX,merchant; do business
牯,Cə.kˤʷaʔ,gǔ,kuX,male (bovine)
羖,Cə.kˤʷaʔ,gǔ,kuX,ram
鼓,kˤaʔ,gǔ,kuX,drum (n.)
鼔,kˤaʔ,gǔ,kuX,drum (v.)
瞽,kˤaʔ,gǔ,kuX,blind
蠱,kˤaʔ,gǔ,kuX,noxious vermin
股,kˤʷaʔ,gǔ,kuX,thigh
古,kˤaʔ,gǔ,kuX,ancient
谷,C.qˤok,gǔ,kuwk,valley
穀,kˤok,gǔ,kuwk,grain
轂,kˤok,gǔ,kuwk,nave of a wheel
汩,kˤʷət,gǔ,kwot,regulate (rivers)
骨,kˤut,gǔ,kwot,bone
雇,C.qˤʷaʔ-s,gù,kuH,to hire
顧,kˤʷaʔ-s,gù,kuH,look around
痼,kˤas,gù,kuH,chronic (of illness)
固,kˤas,gù,kuH,"fortified, secure"
錮,kˤaʔ-s,gù,kuH,chronic (of illness)
故,kˤaʔ-s,gù,kuH,fact; reason
故,kˤaʔ-s,gù,kuH,old (not new)
騧,kˤroj,guā,kwae,yellow horse with black mouth
瓜,kˤrʷa,guā,kwae,"melon, gourd"
刮,kˤrʷat,guā,kwaet,scrape (v.)
𠯑,kˤʷat,guā,kwat,shut the mouth
劀,kˤrʷit,guā,kweat,scrape
寡,C.kˤrʷaʔ,guǎ,kwaeX,few
冎,kˤrʷajʔ,guǎ,kwaeX,cut meat from the bone
卦,kˤrʷes,guà,kweaH,prognosticate with Achillea
挂,kˤrʷes,guà,kweaH,suspend
絓,kˤrʷes,guà,kweaH,entangled
乖,kˤrʷəj,guāi,kweaj,oppose; disorder
夬,kˤrʷets,guài,kwaejH,"divide, make a breach"
怪,kˤrʷəs,guài,kweajH,extraordinary
關,kˤron,guān,kwaen,barrier
關,kˤron,guān,kwaen,關關 kwaen.kwaen [bird’s cry]
關,kˤron,guān,kwaen,間關 sound of a chariot's linchpin (Ode 218.1)
倌,kˤrʷans,guān,kwaenH,"servant, groom"
觀,C.qˤʷar,guān,kwan,look (v.)
冠,k.ʔˤor,guān,kwan,cap (n.)
官,kˤʷan,guān,kwan,official (n.)
棺,kˤʷan,guān,kwan,inner coffin
鰥,kˤrʷən,guān,kwean,widower
鰥,kˤrʷən,guān,kwean,a kind of fish
綸,k.rˤun,guān,kwean,ribbon; kelp
管,kˤonʔ,guǎn,kwanX,tube; flute
筦,kˤonʔ,guǎn,kwanX,tube; flute
痯,kˤʷanʔ,guǎn,kwanX,"exhausted, helpless"
管,kˤʷanʔ,guǎn,kwanX,"exhausted, helpless"
管,kˤʷanʔ,guǎn,kwanX,helpless
館,kˤonʔ-s,guǎn,kwanH,lodging-house
摜,kˤrons,guàn,kwaenH,accustomed to
慣,kˤrons,guàn,kwaenH,accustomed to
串,kˤrons,guàn,kwaenH,custom
貫,kˤon,guàn,kwan,pass through the center
雚,C.qˤʷars,guàn,kwanH,heron
鸛,C.qˤʷars,guàn,kwanH,heron
觀,C.qˤʷars,guàn,kwanH,watchtower
觀,C.qˤʷars,guàn,kwanH,榮觀 imperial palace; walls and watchtowers
灌,C.qˤʷars,guàn,kwanH,"pour, drip"
祼,kˤorʔ-s,guàn,kwanH,pour out libation
冠,k.ʔˤors,guàn,kwanH,cap (v.)
貫,kˤons,guàn,kwanH,pass through the center
光,kˤʷaŋ,guāng,kwang,"light, brightness"
廣,kˤʷaŋʔ,guǎng,kwangX,wide
廣,kˤʷaŋʔ-s,guǎng,kwangH,distance from east to west
龜,kʷə,guī,kjuw,tortoise
歸,kʷəj,guī,kjw+j,return (v.)
媯,C.qrʷaj,guī,kjwe,(place and family name)
規,kʷe,guī,kjwie,"compass, circle"
圭,kˤʷe,guī,kwej,jade scepter
龜,krʷə,guī,kwij,tortoise
瑰,kˤuj,guī,kwoj,kind of precious stone
鬼,k-ʔujʔ,guǐ,kjw+jX,ghost
詭,krojʔ,guǐ,kjweX,perverse
癸,kʷijʔ,guǐ,kjwijX,10th heavenly stem
簋,krʷuʔ,guǐ,kwijX,guǐ ritual vessel
軌,krʷuʔ,guǐ,kwijX,wheel ruts
跪,grojʔ,guì,gjweX,kneel; foot
匱,grujs,guì,gwijH,box (n.)
櫃,grujs,guì,gwijH,box
貴,kujs,guì,kjw+jH,precious; expensive
劌,C.qrʷats,guì,kjwejH,"to wound, damage"
撅,krots,guì,kjwejH,lift (the dress)
檜,kˤops,guì,kwajH,ornament on coffin
襘,kˤops,guì,kwajH,place where two ends of a collar or belt join
過,Cə.kˤʷaj,guō,kwa,"tough, fibrous (vegetables)"
過,kˤʷaj,guō,kwa,to pass
郭,kˤʷak,guō,kwak,outer wall
虢,kˤrʷak,guó,kwaek,(place name)
馘,C.qˤrʷək,guó,kweak,severed left ears
國,C.qˤʷək,guó,kwok,state (n.)
果,kˤorʔ,guǒ,kwaX,fruit; result
蜾,kˤorʔ,guǒ,kwaX,蜾蠃 kwaX.lwaX a kind of wasp
裹,s.kˤorʔ,guǒ,kwaX,to wrap
槨,kˤʷak,guǒ,kwak,outer coffin
過,kˤʷajs,guò,kwaH,to pass; transgress
蝦,gˤra,há,hae,hae-mae frog
骸,gˤrə,hái,heaj,"bones, skeleton"
孩,gˤə,hái,hoj,child
海,C-mˤəʔ,hǎi,xojX,sea
害,N-kˤats,hài,hajH,be hurt (v.i.); injury (n.)
害,m-kˤats,hài,hajH,hurt (v.t.)
駭,gˤrəʔ,hài,heajX,alarmed
亥,gˤəʔ,hài,hojX,12th earthly branch
酣,gˤam,hān,ham,half-drunk
邯,gˤam,hán,ham,邯鄲 han.tan (placename)
寒,Cə.gˤan,hán,han,cold
邯,gˤan,hán,han,邯鄲 han.tan (placename)
韓,gˤar,hán,han,(state in the Korean peninsula; Three Kingdoms period)
圅,Cə.m-kˤəm,hán,hom,contain
函,Cə.m-kˤəm,hán,hom,"envelop, contain"
含,Cə.m-kˤəm,hán,hom,hold in the mouth
唅,Cə.m-kˤəm,hán,hom,hold in the mouth
涵,gˤom,hán,hom,"soak, overflow"
含,Cə.m-kˤəms,hán,homH,to put in the mouth
罕,qʰˤarʔ,hǎn,xanX,rare
罕,qʰˤarʔ,hǎn,xanX,net
旱,gˤarʔ,hàn,hanX,"dry, drought"
汗,Cə.gˤars,hàn,hanH,sweat (n.)
翰,gˤar,hàn,hanH,white (of a horse)
翰,gˤars,hàn,hanH,"pheasant; feather, wing"
翰,gˤars,hàn,hanH,high
扞,m-kˤars,hàn,hanH,"ward off; protect, guard"
捍,m-kˤars,hàn,hanH,"ward off; protect, guard"
翰,m-kˤars,hàn,hanH,"prop up, support"
頷,ɢˤəmʔ,hàn,homX,"jaw, chin"
憾,N-kˤəmʔ-s,hàn,homH,dissatisfied
睅,ɢˤrʷarʔ,hàn,hwaenX,protruding eyes
暵,C-nˤarʔ,hàn,xanX,"scorch, burn"
厂,C-ŋˤarʔ,hàn,xanX,cliff
暵,qʰˤarʔ-s,hàn,xanH,dry
漢,C-nˤars,hàn,xanH,(river name)
厂,C-ŋˤarʔ-s,hàn,xanH,cliff
行,gˤaŋ,háng,hang,"rank, row"
杭,m-gˤaŋ,háng,hang,to go by boat
蒿,qʰˤaw,hāo,xaw,Artemisia
茠,qʰˤu,hāo,xaw,weed (v.)
薅,qʰˤu,hāo,xaw,weed (v.)
號,C.gˤaw,háo,haw,call out
毫,gˤaw,háo,haw,fine animal hair
豪,gˤaw,háo,haw,procupine; shaggy animal
號,Cə.gˤaws,háo,hawH,"command, call (n.)"
好,qʰˤuʔ,在,xawX,good
浩,gˤuʔ,hào,hawX,vast
号,gˤaws,hào,hawH,"command, call (n.)"
藃,qʰˤawks,hào,xawH,contract (v.)
好,qʰˤuʔ-s,hào,xawH,"love, like (v.)"
呵,qʰˤaj,hē,xa,scold
訶,qʰˤaj,hē,xa,"shout, scold"
欱,qʰˤəp,hē,xop,"sip, drink"
河,C.gˤaj,hé,ha,river
何,gˤaj,hé,ha,what
荷,gˤaj,hé,ha,lotus
盍,m-kˤap,hé,hap,"thatch, cover (v.)"
蓋,m-kˤap,hé,hap,"thatch, cover (v.)"
曷,gˤat,hé,hat,what
核,gˤrək,hé,heak,kernel fruit; scrutinize
覈,gˤrək,hé,heak,kernel
劾,gˤəks,hé,hojH,investigate
劾,gˤək,hé,hok,"investigate, try (a criminal)"
合,m-kˤop,hé,hop,come together; bring together
齕,m-qˤət,hé,hot,bite (v.)
禾,ɢˤoj,hé,hwa,growing grain
和,ɢˤoj,hé,hwa,harmonious
荷,gˤajʔ,hè,haX,carry
賀,m-kˤajs,hè,haH,congratulate
鶴,gˤrawk,hè,haewk,white (of birds)
翯,gˤrawk,hè,haewk,white (of birds)
鶴,gˤawk,hè,hak,crane
褐,ɢˤat,hè,hat,coarse cloth
隺,gˤawk,hè,howk,high
和,ɢˤojs,hè,hwaH,tune (instruments); respond in singing
嚇,qʰˤrak,hè,xaek,frighten
赫,qʰˤrak,hè,xaek,"red, fiery"
壑,qʰˤak,hè,xak,moat; canal
黑,C-mˤək,hēi,xok,black
恨,m-qˤəns,hèn,honH,regret
亨,qʰˤraŋ,hēng,xaeng,penetrate
桁,gˤraŋ,héng,haeng,wooden lid
衡,gˤraŋ,héng,haeng,beam of a steelyard
恆,gˤəŋ,héng,hong,constant
橫,C.gˤrʷaŋ,héng,hwaeng,crosswise; horizontal
薨,C-mˤəŋ,hōng,xwong,to die (of king or prince)
鴻,gˤoŋ,hóng,huwng,kind of wild goose
紅,gˤoŋ,hóng,huwng,pink
虹,m-kˤoŋ,hóng,huwng,rainbow
宏,gˤrʷəŋ,hóng,hweang,resounding; great
弘,ɢˤʷəŋ,hóng,hwong,vast
鬨,gˤoŋs,hòng,huwngH,"quarrel, fight"
侯,gˤro,hóu,huw,feudal lord
喉,gˤro,hóu,huw,throat
鍭,gˤro,hóu,huw,arrow with metal point
猴,mə.gˤro,hóu,huw,monkey
鍭,gˤros,hóu,huwH,arrow with metal point
厚,Cə.gˤroʔ,hòu,huwX,thick
後,ɢˤroʔ,hòu,huwX,after
后,ɢˤroʔ,hòu,huwX,sovereign; queen
候,gˤros,hòu,huwH,wait upon
逅,gˤros,hòu,huwH,"邂逅 xièhòu carefree (Odes 94.1–2, 118.2)"
後,ɢˤroʔ-s,hòu,huwH,put after ?
乎,ɢˤa,hū,hu,(Q particle)
乎,ɢˤa,hū,hu,"in, at"
幠,C-mˤa,hū,xu,cover
呼,qʰˤa,hū,xu,"call out, shout"
虍,qʰˤra,hū,xu,tiger
芴,C-mˤut,hū,xwot,careless; confused
忽,C-mˤut,hū,xwot,careless; confused
惚,C-mˤut,hū,xwot,careless; confused
糊,Cə.gˤa,hú,hu,to paste (v.)
壺,gˤʷa,hú,hu,flask
弧,gˤʷa,hú,hu,"bow; bend, curved"
狐,gˤʷa,hú,hu,fox
胡,gˤa,hú,hu,foreigners in the north
湖,gˤa,hú,hu,lake
葫,gˤa,hú,hu,gourd
搰,gˤut,hú,hwot,dig out
許,qʰˤaʔ,hǔ,xuX,許許 (~ 滸滸 ~ 所所) sound of hewing wood (Mao 165.3)
滸,qʰˤaʔ,hǔ,xuX,river bank
滸,qʰˤaʔ,hǔ,xuX,滸滸 ~ 許許 ~ 所所 sound of hewing wood
虎,qʰˤraʔ,hǔ,xuX,tiger
祜,gˤaʔ,hù,huX,blessing
鳸,m-qˤʷaʔ,hù,huX,a bird resembling a quail
戶,m-qˤaʔ,hù,huX,"to stop, to check"
戶,m-qˤaʔ,hù,huX,door
扈,m-qˤaʔ,hù,huX,to stop
沍,N-qˤaʔ-s,hù,huH,"shut in, stop up"
瓠,ɢˤʷas,hù,huH,"bottle-gourd, melon"
護,ɢˤʷaks,hù,huH,protect
互,m-qˤaʔ-s,hù,huH,intertwining
枑,m-qˤaʔ-s,hù,huH,"railings, fence"
呼,qʰˤas,hù,xuH,"call out, shout"
荂,qʰrʷa,huā,xju,flower
花,qʰˤrʷa,huā,xwae,flower (n.)
華,qʰˤrʷa,huā,xwae,flower (n.)
划,C.gˤrʷaj,huá,hwae,row (v.)
華,N-qʰˤrʷa,huá,hwae,flower (v.); flowery (adj.)
滑,Nə.gˤrut,huá,hweat,slippery
猾,gˤrut,huá,hweat,"disturb, trouble"
猾,gˤrut,huá,hweat,crafty
譁,qʰˤrʷa,huá,xwae,shout
輠,gˤrorʔ,huà,hwaeX,turn around (as a wheel)
踝,m-kˤrorʔ,huà,hwaeX,ankle
華,ɢˤrʷas,huà,hwaeH,[name of a mountain]
話,gˤrʷats,huà,hwaejH,speak; words
畫,C-gˤrʷeks,huà,hweaH,drawing (n.)
繣,m-qʰˤrʷeks,huà,hweaH,bind
劃,gˤrʷek,huà,hweak,draw (v.)
畫,gˤrʷek,huà,hweak,draw (v.)
化,qʰˤrʷajs,huà,xwaeH,transform
繣,qʰˤrʷek,huà,xweak,bind
槐,gˤruj,huái,hweaj,Sophora
懷,gˤruj,huái,hweaj,bosom; embrace
淮,ɢˤrʷij,huái,hweaj,(name of a river)
槐,gˤuj,huái,hwoj,Sophora
壞,N-kˤrujs,huài,hweajH,be destroyed
壞,m-kˤrujs,huài,hweajH,destroy
壞,N-kˤujʔ,huài,hwojX,be destroyed
壞,m-kˤujʔ,huài,hwojX,destroy
壞,kˤrʷujʔ-s,huài,kweajH,destroy
讙,qʰʷar,huān,xjwon,"clamor, shout"
歡,qʰˤʷar,huān,xwan,rejoice; joyous
懽,qʰˤʷar,huān,xwan,rejoice; joyous
驩,qʰˤʷar,huān,xwan,rejoice; joyous
驩,qʰˤʷar,huān,xwan,"驩潛 Khwārazm (region in Central Asia, W. Hàn)"
環,C.ɢˤrʷen,huán,hwaen,ring (n.)
睘,ɢˤrʷen,huán,hwaen,"turn around, return"
還,ɢˤrʷen,huán,hwaen,turn around; return
亘,ɢˤʷar,huán,hwan,"turn around, turn back"
桓,ɢˤʷar,huán,hwan,pillar; martial-looking
雈,ɢˤʷar,huán,hwan,a kind of owl
桓,Cˤʷar,huán,hwan,烏桓 Wūhuán: Avars (W. Hàn)
貆,qʰʷar,huán,xjwon,badger (n.)
緩,ɢˤʷanʔ,huǎn,hwanX,slack; slow
患,gˤrons,huàn,hwaenH,calamity; distress
擐,ɢˤrʷens,huàn,hwaenH,put on clothing
宦,m-kˤrʷans,huàn,hwaenH,servant
輠,gˤorʔ,huàn,hwanX,turn around (as a wheel)
浣,ɢˤonʔ,huàn,hwanX,to wash clothes
換,ɢˤʷans,huàn,hwanH,change
渙,qʰˤʷans,huàn,xwanH,amply-flowing
巟,C-mˤaŋ,huāng,xwang,broad
衁,C-mˤaŋ,huāng,xwang,blood
荒,C-mˤaŋ,huāng,xwang,wasteland; uncultivated land
黃,N-kˤʷaŋ,huáng,hwang,yellow
皇,ɢˤʷaŋ,huáng,hwang,yellow and white spotted
皇,ɢˤʷaŋ,huáng,hwang,sovereign
徨,ɢˤʷaŋ,huáng,hwang,彷徨 bang.hwang hesitate
煌,ɢˤʷaŋ,huáng,hwang,brilliant
煌,ɢˤʷaŋ,huáng,hwang,敦煌 Dūnhuáng
隍,ɢˤʷaŋ,huáng,hwang,moat
蝗,ɢˤʷaŋ,huáng,hwang,locust
詤,C-mˤaŋ,huǎng,xwang,"nonsense, lies"
芒,C-mˤaŋʔ,huǎng,xwangX,"obscure, confused"
詤,C-mˤaŋʔ,huǎng,xwangX,lies
慌,C-mˤaŋʔ,huǎng,xwangX,confused
隓,lˤojʔ,huī,dwaX,destroy
徽,C-məj,huī,xjw+j,rope
揮,qʰʷər,huī,xjw+j,"wave, brandish"
暉,qʰʷər,huī,xjw+j,brilliant
煇,qʰʷər,huī,xjw+j,brilliant
輝,qʰʷər,huī,xjw+j,brilliant
楎,qʰʷər,huī,xjw+j,clothes-peg
墮,C-loj,huī,xjwie,destroy
隳,C-loj,huī,xjwie,destroy
虺,Cˤruj,huī,xwoj,"exhausted, weary"
灰,C-mˤə,huī,xwoj,ashes
回,ɢˤʷəj,huí,hwoj,go around
迴,ɢˤʷəj,huí,hwoj,go around
虺,Crujʔ,huǐ,xjw+jX,snake-brood
𤈦,C-məjʔ,huǐ,xjw+jX,burn
虺,Crujʔ,huǐ,xjw+jX,sound of thunder
毀,C-mrajʔ,huǐ,xjweX,demolish
烜,qʰʷarʔ,huǐ,xjweX,sunlight
悔,C-mˤəʔ,huǐ,xwojX,"regret, repent"
穢,qʷats,huì,'jwojH,bad weeds; filth
會,m-kˤops,huì,hwajH,meeting; have a meeting
會,Cˤʷajs,huì,hwajH,阿會亘 ēhuìxuān: Skt. ābhāsvara ‘shining’ (E. Hàn)
慧,ɢˤʷets,huì,hwejH,intelligent
惠,ɢˤʷijs,huì,hwejH,"kind, good"
叀,ɢˤʷijs,huì,hwejH,(copula)
輠,gˤurʔ,huì,hwojX,turn around (as a wheel)
喙,t-C-lorʔ-s,huì,tsyhwejH,snout; to pant
隋,C-lojs,huì,xjwieH,shred sacrificial meat
喙,C-lorʔ-s,huì,xjwojH,snout; to pant
顪,qʰʷats,huì,xjwojH,beard
翽,qʰˤʷats,huì,xwajH,rustling of wings
嘒,qʰˤʷits,huì,xwejH,to chirp (of insects)
賄,qʰˤʷəʔ,huì,xwojX,"property, valuables"
誨,C-mˤəʔ-s,huì,xwojH,instruct
晦,C-mˤəks,huì,xwojH,last day of a moon; dark
靧,qʰˤujs,huì,xwojH,wash the face
彗,s-ɢʷets,huì,zjwejH,broom; comet
昏,C-mˤun,hūn,xwon,"dusk, dark"
婚,C-mˤun,hūn,xwon,marriage
渾,gˤur,hún,hwon,chaotic
魂,m.qˤʷən,hún,hwon,spiritual soul
楎,ɢˤʷər,hún,hwon,seed-plow
渾,gˤurʔ,hún,hwonX,chaotic
活,gˤʷat,huó,hwat,to live
夥,gˤʷajʔ,huǒ,hwaX,"many, much [not pre-Qin]"
火,qʰˤʷəjʔ,huǒ,xwaX,fire
禍,gˤʷajʔ,huò,hwaX,calamity
擭,m-qˤrʷaks,huò,hwaeH,"catch, a trap"
穫,m-qˤʷak,huò,hwak,reap
蒦,m-qˤrʷak,huò,hweak,"catch, get"
獲,m-qˤrʷak,huò,hweak,catch (v.)
或,ɢˤʷək,huò,hwok,some; or
惑,ɢˤʷək,huò,hwok,deceive
貨,qʰˤʷajs,huò,xwaH,"(movable) property, goods"
濊,qʰˤʷat,huò,xwat,sound of water
畿,gər,jī,gj+j,royal domain
屐,Cə.grek,jī,gjaek,wooden sandal
枅,kˤer,jī,kej,crosspiece of wood on top of pillar
笄,kˤer,jī,kej,hairpin
雞,kˤe,jī,kej,"fowl, chicken"
鷄,kˤe,jī,kej,"fowl, chicken"
𥝌,kˤij,jī,kej,bend the head?
稽,kˤij,jī,kej,accord with
稽,kˤij,jī,kej,cultivate (field)
稽,kˤij,jī,kej,calculate
激,kˤewk,jī,kek,dam up (water)
擊,kˤik,jī,kek,strike (v.)
姬,krə,jī,ki,(family name)
箕,krə,jī,ki,winnowing basket
基,krə,jī,ki,base (n.)
飢,Cə.krəj,jī,kij,hungry
肌,krəj,jī,kij,flesh
机,krəjʔ,jī,kijX,"small table, stool"
饑,kəj,jī,kj+j,famine
幾,kəj,jī,kj+j,small; almost
機,kəj,jī,kj+j,mechanism
奇,kraj,jī,kje,odd (number)
羈,kraj,jī,kje,"bridle, halter"
䪡,tsˤij,jī,tsej,pickle (v.)
躋,tsˤəj,jī,tsej,ascend
隮,tsˤəj,jī,tsej,ascend
績,tsˤek,jī,tsek,"twist, spin"
積,tsek,jī,tsjek,accumulate
輯,dzup,jí,dzip,"gather, collect"
集,dzup,jí,dzip,"gather, collect"
疾,dzit,jí,dzit,sickness
籍,dzAk,jí,dzjek,register (n.)
藉,dzAk,jí,dzjek,tribute (n.)
極,grək,jí,gik,extreme
及,m-krəp,jí,gip,reach to
佶,grit,jí,git,"strong, healthy (horse)"
亟,krək,jí,kik,urgently
棘,krək,jí,kik,thorns
朸,krək,jí,kik,thorns
急,krəp,jí,kip,urgent
級,krəp,jí,kip,"degree, grade"
吉,C.qit,jí,kjit,auspicious
即,tsik,jí,tsik,go to
即,tsik,jí,tsik,thereupon
揖,s.qrip,jí,tsip,cluster together
堲,tsik,jí,tsit,masonry
楫,tsəp,jí,tsjep,oar
濈,s.qrip,jí,tsrip,crowded together
輯,tsrup,jí,tsrip,collect (Jīngdiǎn shìwén)
己,krəʔ,jǐ,kiX,6th heavenly stem
己,krəʔ,jǐ,kiX,self
紀,krəʔ,jǐ,kiX,leading thread
几,C.krəjʔ,jǐ,kijX,stool
給,krəp,jǐ,kip,furnish
幾,kəjʔ,jǐ,kj+jX,few; how many
戟,krak,jǐ,kjaek,a kind of lance
丮,krak,jǐ,kjaek,grasp
濟,tsˤijʔ,jǐ,tsejX,numerous
濟,tsˤəjʔ,jǐ,tsejX,stately
濟,tsˤəjʔ,jǐ,tsejX,[river name]
泲,tsˤijʔ,jǐ,tsejX,[river name]
脊,tsek,jǐ,tsjek,"spine, backbone"
薺,dzˤəjʔ,jì,dzejX,Capsella bursa-pastoris
寂,s-dˤiwk,jì,dzek,quiet
忌,m-krəks,jì,giH,warn; avoid
暨,m-krəps,jì,gijH,reach to
踦,grajʔ,jì,gjeX,stand (Min dialects)
伎,greʔ,jì,gjeX,skill
技,greʔ,jì,gjeX,skill
芰,gres,jì,gjeH,water-chestnut
悸,gʷits,jì,gjwijH,agitated
繫,Cə.kˤes,jì,kejH,tie (v.)
繼,kˤes,jì,kejH,continue
髻,kˤits,jì,kejH,"hair-knot, chignon"
計,kˤijs,jì,kejH,calculate
記,C.krəʔ-s,jì,kiH,remember; record (v.)
冀,krəts,jì,kijH,hope
既,kəts,jì,kj+jH,complete (v.)
寄,C.krajs,jì,kjeH,entrust to
罽,krats,jì,kjejH,a kind of woolen fabric
猘,krets,jì,kjejH,mad (dog)
瘈,kets,jì,kjiejH,mad (dog)
季,kʷits,jì,kjwijH,youngest
濟,tsˤijʔ-s,jì,tsejH,cross a stream; rescue
濟,tsˤijʔ-s,jì,tsejH,stop
績,tsˤek,jì,tsek,achieve; achievement
稷,tsək,jì,tsik,millet (Setaria italica)
穄,tsats,jì,tsjejH,"de-husked grains of Panicum m., non-glutinous."
際,tsaps,jì,tsjejH,connection
祭,tsets,jì,tsjejH,sacrifice
跡,tsek,jì,tsjek,"footprint, traces"
迹,tsek,jì,tsjek,"footprint, traces"
𨒪,tsek,jì,tsjek,"footprint, traces"
蹟,tsek,jì,tsjek,"footprint, traces"
嘉,kˤraj,jiā,kae,excellent
家,kˤra,jiā,kae,household
豭,kˤra,jiā,kae,boar
加,kˤraj,jiā,kae,add
梜,C.kˤrep,jiā,kaep,chopsticks
夾,kˤrep,jiā,keap,press between
梜,kˤep,jiā,kep,chopsticks (ap. Jīngdiǎn shìwén)
戛,kˤrik,jiá,keat,a kind of lance
跲,krop,jiá,kjaep,stumble
叚,Cə.kˤraʔ,jiǎ,kaeX,borrow
假,Cə.kˤraʔ,jiǎ,kaeX,borrow; false
斝,kˤraʔ,jiǎ,kaeX,a kind of ritual vessel
假,kˤraʔ,jiǎ,kaeX,great
甲,kˤrap,jiǎ,kaep,1st heavenly stem; fingernail
賈,C.qˤraʔ-s,jià,kaeH,price
價,C.qˤraʔ-s,jià,kaeH,price
嫁,kˤras,jià,kaeH,go (as a bride) to one's new home
稼,kˤras,jià,kaeH,grain; sow (v.)
駕,kˤrajs,jià,kaeH,hitch horses to a chariot
嫁,s-kˤras,jià,kaeH,send (one’s daughter) as a bride
佳,kˤre,jia,kea,good
戔,dzˤan,jiān,dzan,kill; cruel
監,kˤram,jiān,kaem,inspect
姦,kˤran,jiān,kaen,wicked(ness)
蕑,k.rˤan,jiān,kean,orchid
蕑,k.rˤen,jiān,kean,lotus fruit (Ode 145.2)
間,kˤren,jiān,kean,interval
間,kˤren,jiān,kean,間關 sound of a chariot's linchpin (Ode 218.1)
𡏳,kˤrər,jiān,kean,"distress, difficulty"
艱,kˤrər,jiān,kean,difficulty
囏,kˤrər,jiān,kean,"distress, difficulty"
兼,kˤem,jiān,kem,combine; at the same time
蒹,kˤem,jiān,kem,"rush, sedge"
豣,kˤen,jiān,ken,pig or boar 3 years old
肩,kˤen,jiān,ken,shoulder (n.)
枅,kˤer,jiān,ken,crosspiece of wood on top of pillar
堅,kˤiŋ,jiān,ken,"solid, strong"
𩱡,C.qan,jiān,kjon,gruel
漸,tsam,jiān,tsjem,moisten
熸,tsom,jiān,tsjem,extinguish
儉,gramʔ,jiǎn,gjemX,restrict， frugal
減,m-kˤrəmʔ,jiǎn,heamX,abridge
減,kˤrəmʔ,jiǎn,keamX,reduce
柬,kˤranʔ,jiǎn,keanX,"select, distinguish"
揀,kˤranʔ,jiǎn,keanX,select
簡,kˤrenʔ,jiǎn,keanX,bamboo slip for writing
簡,kˤrenʔ,jiǎn,keanX,"select, large-minded, etc."
繭,kˤenʔ,jiǎn,kenX,cocoon
檢,kramʔ,jiǎn,kjemX,measure (n.)
𢵈,krenʔ,jiǎn,kjenX,𢵈搌 *ugly and long(?)
䭕,Cə.tsamʔ,jiǎn,tsjemX,insipid [not in GSR]
翦,tsenʔ,jiǎn,tsjenX,cut (v.)
荐,N-tsˤəns,jiàn,dzenH,"grass, herb"
荐,N-tsˤəns,jiàn,dzenH,twice; a second time
洊,N-tsˤəns,jiàn,dzenH,twice; a second time
栫,dzˤəns,jiàn,dzenH,to fence in
漸,dzamʔ,jiàn,dzjemX,gradually; advance
踐,dzanʔ,jiàn,dzjenX,"tread, trample"
俴,dzenʔ,jiàn,dzjenX,shallow
賤,dzans,jiàn,dzjenH,"cheap; low, mean"
件,granʔ,jiàn,gjenX,item
檻,gˤramʔ,jiàn,haemX,straight-jetted (water)
檻,gˤramʔ,jiàn,haemX,railing; cage
檻,gˤamʔ,jiàn,hamX,railing; cage
監,kˤrams,jiàn,kaemH,mirror
澗,kˤrans,jiàn,kaenH,stream in a ravine
諫,kˤranʔ-s,jiàn,kaenH,admonish
見,kˤens,jiàn,kenH,see (v.)
劍,s.krams,jiàn,kjaemH,sword
建,kans,jiàn,kjonH,"set up, establish"
僭,tsˤims,jiàn,tsemH,err
薦,Cə.tsˤərs,jiàn,tsenH,"grass, fodder"
濺,tsans,jiàn,tsjenH,splatter with water
箭,tsens,jiàn,tsjenH,arrow
江,kˤroŋ,jiāng,kaewng,(Yangzi) river
姜,C.qaŋ,jiāng,kjang,a family name
薑,kaŋ,jiāng,kjang,ginger
畺,kaŋ,jiāng,kjang,"boundary, limit"
疆,kaŋ,jiāng,kjang,boundary
將,tsaŋ,jiāng,tsjang,bring
漿,tsaŋ,jiāng,tsjang,drink (n.)
講,kˤroŋʔ,jiǎng,kaewngX,explain; discuss
奬,tsaŋʔ,jiǎng,tsjangX,help; encourage
匠,s.baŋs,jiàng,dzjangH,craftsman
虹,kˤroŋs,jiàng,kaewngH,rainbow
降,kˤruŋs,jiàng,kaewngH,descend
將,tsaŋs,jiàng,tsjangH,lead (v.); leader
醬,tsaŋs,jiàng,tsjangH,sauce
茭,kˤraw,jiāo,kaew,dried grass
交,kˤraw,jiāo,kaew,cross (v.)
郊,kˤraw,jiāo,kaew,suburb
膠,kˤriw,jiāo,kaew,glue
教,s.kˤraw,jiāo,kaew,teach
徼,kˤew,jiāo,kew,seek; follow a course
椒,s.tˤiw,jiāo,tsew,pepper plant
椒,S.tew,jiāo,tsjew,pepper plant
焦,S.tew,jiāo,tsjew,"burn, scorch"
焦,S.tew,jiāo,tsjew,Jiao (place name)
膠,kˤriwʔ,jiǎo,kaewX,glue
絞,kˤriwʔ,jiǎo,kaewX,twist; strangle
攪,kˤruʔ,jiǎo,kaewX,disturb
鉸,mə.kˤrawʔ,jiǎo,kaewX,shear; scissors
角,C.kˤrok,jiǎo,kaewk,"horn, corner"
僥,kˤewʔ,jiǎo,kewX,luck
腳,kak,jiǎo,kjak,"leg, foot"
脚,kak,jiǎo,kjak,"leg, foot"
矯,krawʔ,jiǎo,kjewX,falsify
剿,tsawʔ,jiǎo,tsjewX,cut off
噍,dzewks,jiào,dzjewH,chew
覺,kˤruks,jiào,kaewH,awaken
窖,kˤruks,jiào,kaewH,cave
教,s.kˤraws,jiào,kaewH,teaching; instruction
徼,kˤewks,jiào,kewH,limit
叫,kˤewks,jiào,kewH,shout
揭,m-krat,jiē,gjet,"lift, raise"
揭,m-kat,jiē,gjot,lift
湝,gˤrəj,jiē,heaj,cold
街,kˤre,jiē,kea,road-crossing
皆,kˤrij,jiē,keaj,all
階,kˤrij,jiē,keaj,"steps, stairs"
喈,kˤrəj,jiē,keaj,cold
秸,kˤrit,jiē,keat,stalk of grain
揭,kʰrats,jiē,khjejH,lift up one’s clothes
揭,kʰrat,jiē,khjet,lift
揭,kat,jiē,kjot,lift
嗟,tsAj,jiē,tsjae,sigh; alas!
接,tsap,jiē,tsjep,connect
椄,tsap,jiē,tsjep,"peg, tenon"
截,dzˤet,jié,dzet,"cut, trim"
捷,dzap,jié,dzjep,victory
竭,N-krat,jié,gjet,exhaust (v.); dry up
桀,N-krat,jié,gjet,remarkable; hero
傑,N-krat,jié,gjet,remarkable; hero
桀,m-krat,jié,gjet,perch for fowls
袺,kˤrit,jié,keat,lift up the skirts
潔,kˤet,jié,ket,"pure, purify"
拮,kˤit,jié,ket,grasp (v.)
結,kˤit,jié,ket,tie (v.)
袺,kˤit,jié,ket,lift up the skirts
詰,kʰit,jié,khjit,"interrogate, reprimand"
劫,krap,jié,kjaep,rob
桀,krat,jié,kjet,"lift, raise"
節,tsˤik,jié,tset,joint
卪,tsˤik,jié,tset,tally (n.)
睫,tsap,jié,tsjep,eyelashes
解,kˤreʔ,jiě,keaX,cut up; unloose
藉,dzAks,jiè,dzjaeH,straw bedding; (base oneself on:) depend on
藉,dzAks,jiè,dzjaeH,"loan, borrow"
犗,kˤrats,jiè,kaejH,castrate
疥,C.kˤreps,jiè,keajH,scabby disease
界,kˤrets,jiè,keajH,boundary
芥,kˤrets,jiè,keajH,mustard plant
介,kˤreps,jiè,keajH,armour; scale of animals
屆,kˤrits,jiè,keajH,reach to
戒,kˤrəks,jiè,keajH,be on guard
誡,kˤrəks,jiè,keajH,warn
借,tsAks,jiè,tsjaeH,"loan, borrow"
借,tsAk,jiè,tsjek,"loan, borrow"
今,krəm,jīn,kim,now
金,krəm,jīn,kim,"metal, bronze"
䘳,krəm,jīn,kim,collar or lapel
襟,krəm,jīn,kim,overlap of a robe
巾,krən,jīn,kin,kerchief
矜,kriŋ,jīn,king,pity (v.)
矜,kriŋ,jīn,king,boastful
筋,C.kən,jīn,kj+n,sinew
斤,kər,jīn,kj+n,axe; catty
津,tsin,jīn,tsin,ford (n.)
堇,grər,jǐn,gin,"time, season"
殣,grərs,jǐn,ginH,die of starvation
錦,Cə.krəmʔ,jǐn,kimX,brocade
堇,kərʔ,jǐn,kj+nX,(a kind of vegetable)
謹,kərʔ,jǐn,kj+nX,"attentive, careful"
緊,C.qinʔ,jǐn,kjinX,tight
盡,tsinʔ,jǐn,tsinX,exhaust (v.)
盡,m-tsinʔ,jìn,dzinX,exhaust (v.)
燼,N-tsinʔ-s,jìn,dzinH,"ashes, combusted"
僅,grərs,jìn,ginH,barely
墐,grərs,jìn,ginH,plaster (v.)
墐,grərs,jìn,ginH,bury
饉,grərs,jìn,ginH,famine
慬,gər,jìn,gj+n,courageous
近,N-kərʔ,jìn,gj+nX,near
近,s-N-kərʔ-s,jìn,gj+nH,be near to (v.t.)
禁,krəms,jìn,kimH,prohibit
蓳,kərʔ,jìn,kj+nX,(kind of vegetable)
蓳,kərs,jìn,kj+nH,aconite
進,tsins,jìn,tsinH,advance (v.)
晉,tsins,jìn,tsinH,Jìn (place name)
鯨,graŋ,jīng,gjaeng,whale
莖,m-k-lˤreŋ,jīng,heang,stalk (n.)
經,k-lˤeŋ,jīng,keng,loom; regulate; norm
巠,k.lˤeŋ,jīng,keng,a vein of water (Shuōwén)
兢,krəŋ,jīng,king,cautious
京,kraŋ,jīng,kjaeng,hill; capital city
荊,kreŋ,jīng,kjaeng,briar
驚,kreŋ,jīng,kjaeng,be afraid
旌,tseŋ,jīng,tsjeng,"pennon, banner"
精,tseŋ,jīng,tsjeng,fine rice; pure
晶,tseŋ,jīng,tsjeng,"bright, limpid"
頸,m-keŋ,jǐng,gjieng,neck
剄,kˤeŋʔ,jǐng,kengX,cut the throat
景,C.qraŋʔ,jǐng,kjaengX,bright; image
景,C.qraŋʔ,jǐng,kjaengX,a kind of coat
境,kraŋʔ,jǐng,kjaengX,boundary
警,kreŋʔ,jǐng,kjaengX,"warn, admonish"
頸,keŋʔ,jǐng,kjiengX,neck
井,C.tseŋʔ,jǐng,tsjengX,well (n.)
丼,C.tseŋʔ,jǐng,tsjengX,a well
淨,N-tseŋs,jìng,dzjengH,clean (adj.)
淨,m-tseŋs,jìng,dzjengH,cleanse (v.t.)
競,m-kraŋʔ-s,jìng,gjaengH,strive; compete
脛,m-kʰˤeŋs,jìng,hengH,"leg, shank"
徑,kˤeŋs,jìng,kengH,small path
鏡,C.qraŋʔ-s,jìng,kjaengH,mirror
竟,kraŋʔ-s,jìng,kjaengH,"end, in the end"
敬,kreŋʔ-s,jìng,kjaengH,respectful
勁,keŋs,jìng,kjiengH,strong
坰,kˤʷeŋ,jiōng,kweng,region distant from capital
扃,kˤʷeŋ,jiōng,kweng,door bolt
褧,kʰˤʷeŋʔ,jiǒng,khwengX,unlined hemp garment
囧,k-mraŋʔ,jiǒng,kjwaengX,bright window
丩,kriw,jiū,kjiw,twist (v.)
摎,kriw,jiū,kjiw,"tie around, strangle"
樛,kriw,jiū,kjiw,down-curving (sc. branch)
樛,kriw,jiū,kjiw,twist (v.)
糾,kriwʔ,jiū,kjiwX,"plait, unite"
鳩,kru,jiū,kjuw,(a kind of bird)
究,kruʔ-s,jiū,kjuwH,scrutinize; go to the end
九,kuʔ,jiǔ,kjuwX,nine
久,kʷəʔ,jiǔ,kjuwX,a long time
灸,kʷəʔ,jiǔ,kjuwX,cauterize by burning tinder
韭,s.kruʔ,jiǔ,kjuwX,Allium
酒,tsuʔ,jiǔ,tsjuwX,wine
就,dzuks,jiù,dzjuwH,go to
臼,C.gʷəʔ,jiù,gjuwX,mortar
舅,gruʔ,jiù,gjuwX,mother's brother
咎,gruʔ,jiù,gjuwX,"fault, blame (n.)"
舊,N-kʷəʔ-s,jiù,gjuwH,old
柩,gʷəs,jiù,gjuwH,coffin (with corpse)
廄,kʷuʔ-s,jiù,kjuwH,stable (n.)
㝌,kʷəʔ-s,jiù,kjuwH,"suffering, distress"
救,s.krus,jiù,kjuwH,"help, save"
車,C.qra,jū,kjo,chariot
居,kra,jū,kjo,"squat; stay, dwell"
居,ka,jū,kjo,final particle
居,kras,jū,kjoH,dwelling
鞫,kruk,jū,kjuwk,exhaust; poverty
砠,tsʰa,jū,tshjo,rock covered with earth
雎,tsʰa,jū,tshjo,雎鳩 tshjo.kjuw an aquatic bird
鴡,tsʰa,jū,tshjo,鴡鳩 tshjo.kjuw an aquatic bird
且,tsa,jū,tsjo,[final particle]
娵,tso,jū,tsju,娵觜 *tso-tse (name of constellation)
局,N-kʰrok,jú,gjowk,"bent, curved"
局,grok,jú,gjowk,department
繘,C.qʷit,jú,kjwit,well-rope
橘,s.kʷit,jú,kjwit,orange (tangerine?)
狊,kˤʷek,jú,kwek,[place name]
鶪,kˤʷek,jú,kwek,shrike
鵙,kˤʷek,jú,kwek,shrike
沮,dzaʔ,jǔ,dzjoX,"stop, prevent"
舉,C.qraʔ,jǔ,kjoX,"lift, raise"
舉,kraʔ,jǔ,kjoX,all
筥,kraʔ,jǔ,kjoX,round basket
莒,k.raʔ,jǔ,kjoX,plant; place name
枸,kroʔ,jǔ,kjuX,(a kind of tree)
矩,krʷaʔ,jǔ,kjuX,carpenter's square
聚,m-tsʰoʔ,jù,dzjuX,bring together
聚,m-tsʰoʔ-s,jù,dzjuH,bring together
粔,N-kraʔ,jù,gjoX,cakes
遽,graks,jù,gjoH,post horse or carriage
醵,graks,jù,gjoH,subscription feast
具,gros,jù,gjuH,"arrange, provide"
懼,grʷaks,jù,gjuH,fear (v.)
據,kraks,jù,kjoH,grasp; depend on
鋸,kras,jù,kjoH,saw (n.)
俱,kro,jù,kju,"all, together"
句,kros,jù,kjuH,phrase
鞻,kros,jù,kjuH,"sandal, shoe"
屨,kros,jù,kjuH,"sandal, shoe"
足,tsoks,jù,tsjuH,replenish
卷,kronʔ,juǎn,kjwenX,roll (v.)
畎,C.qˤʷinʔ,juǎn,kwenX,small watering channels in fields
圈,gronʔ,juàn,gjwenX,enclosure for pigs
睠,krons,juàn,kjwenH,look on with affection
眷,krons,juàn,kjwenH,look on with affection
絹,kʷens,juàn,kjwienH,a kind of silk stuff
絕,dzot,jué,dzjwet,cut off
𧮫,gak,jué,gjak,interior of the mouth (Shuōwén)
倔,gut,jué,gjut,"strong, unyielding"
掘,gut,jué,gjut,dig out (earth)
掘,got,jué,gjwot,dig out (earth)
蹷,gʷat,jué,gjwot,"stumble, fall; trample"
玨,kˤrok,jué,kaewk,two pieces of jade
覺,kˤruk,jué,kaewk,be aware
蹻,krawʔ,jué,kjewX,martial
矍,C.qrʷak,jué,kjwak,anxious look
攫,C.qrʷak,jué,kjwak,seize
蹷,krʷats,jué,kjwejH,alert
蕨,Cə.kot,jué,kjwot,bracken (a kind of edible fern)
厥,kot,jué,kjwot,(3p possessive pronoun)
蹶,kʷat,jué,kjwot,"stumble, fall"
譎,C.qˤʷit,jué,kwet,treacherous; deceive
決,kˤʷet,jué,kwet,open a passage for a stream
決,kˤʷet,jué,kwet,open; decide
訣,kˤʷet,jué,kwet,farewell words
爵,tsewk,jué,tsjak,"nobility, rank"
君,C.qur,jūn,kjun,lord; ruler
軍,kʷər,jūn,kjun,army; camp
均,C.qʷin,jūn,kjwin,"even, equal"
鈞,C.qʷin,jūn,kjwin,weight of 30 jīn 斤
鈞,C.qʷin,jūn,kjwin,potter's wheel
麏,krun,jūn,kwin,fallow-deer
麕,krun,jūn,kwin,fallow-deer
麇,krun,jūn,kwin,fallow deer
郡,gurs,jùn,gjunH,district
菌,grunʔ,jùn,gwinX,mushroom
駿,tsurs,jùn,tswinH,fine horse
開,Nə.kʰˤəj,kāi,khoj,to open (v.i.)
開,kʰˤəj,kāi,khoj,to open (v.t.)
豈,C.qʰˤəjʔ,kǎi,khojX,"happy, pleasant"
凱,C.qʰˤəjʔ,kǎi,khojX,pleasant
愷,C.qʰˤəjʔ,kǎi,khojX,triumphal music; happy
塏,C.qʰˤəjʔ,kǎi,khojX,high and dry (place)
鎧,C.qʰˤəjʔ,kǎi,khojX,coat of mail
鎧,C.qʰˤəjʔ-s,kǎi,khojH,coat of mail
嘅,C.qʰˤəps,kǎi,khojH,sigh
慨,kʰˤəts,kài,khojH,disappointed
咳,kʰˤəks,kài,khojH,cough
欬,kʰˤəks,kài,khojH,cough
愾,qʰəps,kài,xj+jH,sigh; angry
看,kʰˤar,kān,khan,"to watch, guard"
堪,kʰˤəm,kān,khom,able to bear
戡,kʰˤəm,kān,khom,kill
竷,kʰomʔ,kǎn,khomX,(booming sound?)
坎,kʰˤomʔ,kǎn,khomX,pit (n.)
埳,kʰˤomʔ,kǎn,khomX,pit (n.)
欿,kʰˤomʔ,kǎn,khomX,insufficient
欿,kʰˤomʔ,kǎn,khomX,despondent
欿,kʰˤomʔ,kǎn,khomX,covet
𠪚,N-qʰˤəm,kǎn,ngim,precipitous
看,kʰˤars,kàn,khanH,gaze at
康,kʰˤaŋ,kāng,khang,empty
康,k-Cˤraŋ,kāng,khang,tranquil; at ease
抗,kʰˤaŋs,kàng,khangH,set up; oppose; protect
尻,kʰˤu,kāo,khaw,rump
丂,C.qʰˤuʔ,kǎo,khawX,to sob
考,k-Cˤruʔ,kǎo,khawX,old; deceased father
犒,kʰˤaws,kào,khawH,remunerate (soldiers) with food
柯,kˤar,kē,ka,axe-handle
薖,kʰˤʷaj,kē,khwa,great
可,kʰˤajʔ,kě,khaX,may; acceptable
渴,Nə.kʰˤat,kě,khat,thirsty
客,kʰˤrak,kè,khaek,guest
刻,kʰˤək,kè,khok,"cut, engrave"
克,kʰˤək,kè,khok,carry; able; dominate
肯,kʰˤəŋʔ,kěn,khongX,to be willing
牼,m-kʰˤreŋ,kēng,heang,shank bone
牼,kʰˤreŋ,kēng,kheang,shank bone
空,kʰˤoŋ,kōng,khuwng,"hollow, empty; hole"
恐,kʰroŋʔ,kǒng,khjowngX,fear
孔,kʰˤoŋʔ,kǒng,khuwngX,(surname)
空,kʰˤoŋʔ,kǒng,khuwngX,"hollow, empty; hole"
控,kʰˤoŋs,kòng,khuwngH,pull (on bow or reins)
口,kʰˤroʔ,kǒu,khuwX,mouth
叩,kʰˤroʔ,kǒu,khuwX,strike
寇,kʰˤros,kòu,khuwH,rob; robber
叩,kʰˤroʔ-s,kòu,khuwH,strike (v.)
枯,kʰˤa,kū,khu,"withered, dried up"
哭,kʰˤok,kū,khuwk,weep
堀,kʰˤut,kū,khwot,hole
窟,kʰˤut,kū,khwot,"cave, hole"
苦,kʰˤaʔ,kǔ,khuX,bitter
酷,kʰˤuk,kù,khowk,cruel
庫,kʰˤas,kù,khuH,arsenal; storehouse
袴,kʰˤʷas,kù,khuH,trousers
夸,kʰˤrʷa,kuā,khwae,boast
誇,kʰˤrʷa,kuā,khwae,boast
蒯,kʰˤruts,kuǎi,khweajH,a kind of rush
快,kʰˤrʷets,kuài,khwaejH,cheerful
噲,kʰrops,kuài,khwaejH,comfortable (room)
塊,kʰˤrujs,kuài,khweajH,"clod, lump"
塊,kʰˤujs,kuài,khwojH,clod; lump
膾,C.kˤops,kuài,kwajH,mince (v.)
巜,kˤops,kuài,kwajH,"watering channel, drain"
澮,kˤops,kuài,kwajH,"watering channel, drain"
鬠,kˤops,kuài,kwajH,bind the hair in a knot
會,kˤops,kuài,kwajH,calculate; calculation
寬,kʰˤʷan,kuān,khwan,"vast, wide"
匡,k-pʰaŋ,kuāng,khjwang,square basket
筐,k-pʰaŋ,kuāng,khjwang,square basket
狂,k-ɢʷaŋ,kuáng,gjwang,"mad, reckless"
曠,k-C-mˤaŋs,kuàng,khwangH,"desolate, waste"
壙,kʰˤʷaŋs,kuàng,khwangH,grave pit
曠,kʰˤʷaŋs,kuàng,khwangH,bright
纊,kʰˤʷaŋs,kuàng,khwangH,fine floss silk; quilted
況,C-maŋs,kuàng,xjwangH,"compare with, be equal to"
況,C-maŋs,kuàng,xjwangH,how much the more
虧,kʰrʷaj,kuī,khjwe,diminish
窺,kʰʷe,kuī,khjwie,"pry, spy (v.)"
葵,gʷij,kuí,gjwij,mallow
揆,gʷijʔ,kuí,gjwijX,"measure, estimate (v.)"
戣,grʷij,kuí,gwij,a kind of lance
頯,grʷu,kuí,gwij,"cheek bone, bones of the face"
逵,grʷu,kuí,gwij,thoroughfare
頄,grʷu,kuí,gwij,"cheek bone, bones of the face"
馗,grʷu,kuí,gwij,thoroughfare
睽,kʰˤʷij,kuí,khwej,"diverging, extraordinary"
魁,kʰˤuj,kuí,khwoj,great; principal; chief
魁,kʰˤuj,kuí,khwoj,spoon
魁,kʰˤuj,kuí,khwoj,mound
蕢,grujs,kuì,gwijH,basket
饋,grujs,kuì,gwijH,present of food (<food basket ?)
餽,grujs,kuì,gwijH,present (food) (v.)
潰,gˤʷəjs,kuì,hwojH,break through an embankment (of water)
喟,kʰˤrʷəts,kuì,khweajH,sigh
簣,kʰˤrujs,kuì,khweajH,basket
喟,kʰrʷəts,kuì,khwijH,sigh
愧,krujs,kuì,kwijH,ashamed
聵,ŋˤrujs,kuì,ngweajH,deaf
坤,kʰˤun,kūn,khwon,earth (trigram or hexagram)
昆,kˤun,kūn,kwon,elder brother
𥊽,kˤun,kūn,kwon,older brother
梱,kʰˤunʔ,kǔn,khwonX,(l. for 稇 khwonX 'bind (v.)' in Mòzǐ)
稇,kʰˤunʔ,kǔn,khwonX,"to bind, string together"
困,kʰˤuns,kùn,khwonH,obstruct; distress
擴,kʰˤʷak,kuò,khwak,widen
廓,kʰˤʷak,kuò,khwak,widen
闊,kʰˤot,kuò,khwat,契闊 khet.khwat hard-working (Ode 31.4)
闊,kʰˤʷat,kuò,khwat,widely apart
臘,C.rˤap,là,lap,winter sacrifice
蠟,k.rˤap,là,lap,wax
辣,mə.rˤat,là,lat,spicy-hot
剌,mə.rˤat,là,lat,wicked; spicy
拉,rˤəp,là,lop,break
𧳟,rˤə,lái,loj,kind of wild cat (pron. in  Chén 陳 and Chǔ 楚 ap. Fāngyán)
來,mə.rˤək,lái,loj,a kind of wheat
來,mə.rˤək,lái,loj,come
瀨,C.rˤats,lài,lajH,rapids
糲,rˤats,lài,lajH,dehusked but not polished grain
賴,rˤats,lài,lajH,depend on
籟,rˤats,lài,lajH,tube
賚,rˤəks,lài,lojH,"give, send"
瀾,rˤanʔ,,lanX,water in which rice has been washed
藍,Nk.rˤam,lán,lam,indigo
籃,k.rˤam,lán,lam,basket
闌,rˤan,lán,lan,railing
蘭,k.rˤan,lán,lan,orchid
婪,rˤəm,lán,lom,to covet
懶,Nək.rˤanʔ,lǎn,lanX,lazy
爛,rˤans,làn,lanH,cooked until soft
爤,rˤans,làn,lanH,cooked until soft
郎,C.rˤaŋ,láng,lang,young gentleman
浪,rˤaŋ,láng,lang,(name of a river)
狼,rˤaŋ,láng,lang,wolf
琅,rˤaŋ,láng,lang,(a kind of precious stone)
琅,rˤaŋ,láng,lang,琅邪 (name of a mountain in Shāndōng)
稂,rˤaŋ,láng,lang,weed in field of grain
廊,rˤaŋ,láng,lang,side-gallery
郎,rˤaŋ,láng,lang,double roof
俍,raŋ,láng,ljang,skillful
朗,k.rˤaŋʔ,lǎng,langX,bright
勞,rˤaw,láo,law,toil
老,C.rˤuʔ,lǎo,lawX,old
勞,rˤaws,lào,lawH,to reward for toil
𤻲,rˤawk,lè,lak,to cure
樂,rˤawk,lè,lak,to cure
樂,rˤawk,lè,lak,joy; enjoy
勒,rˤək,lè,lok,engrave
勒,rˤək,lè,lok,bridle
羸,roj,léi,ljwe,emaciated; weak
羸,roj,léi,ljwe,entangle
纍,ruj,léi,lwij,"to wind around, bind"
靁,C.rˤuj,léi,lwoj,thunder
雷,C.rˤuj,léi,lwoj,thunder
罍,rˤuj,léi,lwoj,"vase, jar"
累,roj,lěi,ljwe,rope (to tie s.o. up)
累,rojʔ,lěi,ljweX,accumulate
壘,rujʔ,lěi,lwijX,entrenchments
誄,rujʔ,lěi,lwijX,eulogy
肋,rˤək,lèi,lok,rib
淚,rəps,lèi,lwijH,tears (n.)
類,ruts,lèi,lwijH,category
率,ruts,lèi,lwijH,bird net
儽,rˤujs,lèi,lwojH,exhausted
犁,rˤij,lí,lej,plow
黎,rˤij,lí,lej,old
黎,rˤij,lí,lej,black
狸,rə,lí,li,"𧳏狸 *pə.[r]ə kind of wild cat (Jiāngnán pron. ap. Guō Pú, ca. 300 CE)"
釐,rə,lí,li,"regulate, govern"
貍,p.rə,lí,li,kind of wild cat
狸,p.rə,lí,li,"kind of wild cat (pron. west of the Hángǔ pass, ap. Fāngyán)"
棃,C.rəj,lí,lij,"pear tree, pear"
犁,rij,lí,lij,"plow (n., v.)"
離,raj,lí,lje,"meet with, encounter"
離,raj,lí,lje,depart from
罹,raj,lí,lje,drag into; trouble
纚,re,lí,lje,rope
秜,nrəj,lí,nrij,perennial rice
豊,rˤijʔ,lǐ,lejX,ritual vessel
禮,rˤijʔ,lǐ,lejX,"propriety, ceremony"
里,mə.rəʔ,lǐ,liX,li (measure of distance); village
李,C.rəʔ,lǐ,liX,plum
理,mə.rəʔ,lǐ,liX,cut jade; regulate
理,mə.rəʔ,lǐ,liX,reason; principle
裏,m.rəʔ,lǐ,liX,inside
鯉,mə.rəʔ,lǐ,liX,carp (n.)
轢,rˤawk,lì,lak,crush under wheels
糲,rˤat,lì,lat,dehusked but not polished grain
麗,rˤes,lì,lejH,symmetrical
戾,rˤets,lì,lejH,transgress
荔,rˤeps,lì,lejH,herb whose roots are made into brushes
隸,rˤəps,lì,lejH,subordinate
歷,rˤek,lì,lek,pass by; in turn
曆,rˤek,lì,lek,calculate (astronomically)
轢,rˤewk,lì,lek,crush under wheels
櫟,rˤewk,lì,lek,oak
礫,rˤewk,lì,lek,pebbles
䟏,rˤewk,lì,lek,move
䰜,k.rˤek,lì,lek,tripod with hollow legs
𩰲,k.rˤek,lì,lek,tripod with hollow legs
鬲,k.rˤek,lì,lek,tripod with hollow legs
吏,rəʔ-s,lì,liH,officer
利,C.rits,lì,lijH,sharp; profit
力,k.rək,lì,lik,strength
立,k.rəp,lì,lip,stand (v.)
笠,k.rəp,lì,lip,bamboo-splint hat
粒,p.rəp,lì,lip,grains of rice
栗,rit,lì,lit,chestnut tree
詈,C.rajs,lì,ljeH,revile
離,rajs,lì,ljeH,reject
厲,rats,lì,ljejH,cruel
厲,rats,lì,ljejH,grindstone
厲,rats,lì,ljejH,epidemic
礪,rats,lì,ljejH,grindstone
糲,rats,lì,ljejH,dehusked but not polished grain
蠣,mə.rats,lì,ljejH,stinging insect
䟏,Crewk,lì,syak,move (v.)
蓮,k.rˤen,lián,len,lotus fruit
憐,rˤiŋ,lián,len,love; pity
廉,krem,lián,ljem,frugal
蘞,ram,lián,ljem,(a kind of creeping plant)
廉,rem,lián,ljem,angle
磏,rem,lián,ljem,"sharp, keen"
鎌,rem,lián,ljem,sickle
簾,rem,lián,ljem,bamboo curtain
連,C.ran,lián,ljen,[surname]
連,ran,lián,ljen,connect in a row
漣,ran,lián,ljen,ripple; drip
斂,ramʔ,liǎn,ljemX,gather
練,rˤens,liàn,lenH,sized white silk
鍊,rˤens,liàn,lenH,refine (metal)
斂,rams,liàn,ljemH,dress a corpse
僆,k.rans,liàn,ljenH,chick
孌,ronʔ,liàn,ljwenX,beautiful
戀,rons,liàn,ljwenH,to long for
涼,C.raŋ,liáng,ljang,cold
良,raŋ,liáng,ljang,good
量,raŋ,liáng,ljang,measure (v.)
糧,raŋ,liáng,ljang,"grain, provisions"
粱,raŋ,liáng,ljang,"millet, sorghum, grain"
梁,raŋ,liáng,ljang,beam; bridge
兩,p.raŋʔ,liǎng,ljangX,a pair
量,raŋs,liàng,ljangH,measure (n.)
亮,raŋs,liàng,ljangH,brightness
諒,raŋs,liàng,ljangH,sincere; trust (v.)
僚,rˤew,liáo,lew,office or position
聊,rˤiw,liáo,lew,rely on
料,rˤews,liào,lewH,measure (v.)
尞,raws,liào,ljewH,burnt offering
獵,rap,liè,ljep,hunt
躐,rap,liè,ljep,trample
冽,C.rat,liè,ljet,"cold, raw"
列,ret,liè,ljet,tear apart; rank
烈,rat,liè,ljet,blazing; brilliant
裂,rat,liè,ljet,"to cut, split"
臨,p.rum,lín,lim,look down at
林,rəm,lín,lim,forest
淋,rəm,lín,lim,water (v.)
鄰,mə.rən,lín,lin,group of 5 families; neighbor
鱗,C.rən,lín,lin,scale of fish or reptile
粦,rən,lín,lin,will-o'-the wisp
凜,rəmʔ,lǐn,limX,cold
稟,p.rimʔ,lǐn,limX,rations
廩,p.rimʔ,lǐn,limX,granary
廩,p.rimʔ,lǐn,limX,fearful
吝,mə.rəns,lìn,linH,stingy
靈,rˤeŋ,líng,leng,supernatural
令,rˤiŋ,líng,leng,脊令 tsjek.leng (a kind of water bird)
零,rˤiŋ,líng,leng,"fall (v., of rain)"
夌,rəŋ,líng,ling,"mound, hill"
陵,rəŋ,líng,ling,"mound, hill"
凌,rəŋ,líng,ling,transgress; attack
凌,p.rəŋ,líng,ling,ice
令,riŋ,líng,ljeng,send (a person)
領,reŋʔ,lǐng,ljengX,neck
令,riŋs,lìng,ljengH,issue a command
鏐,riw,liú,ljiw,fine gold
留,C.ru,liú,ljuw,"stay, remain"
鏐,riw,liú,ljuw,fine gold
摎,riw,liú,ljuw,"tie around, strangle"
旒,ru,liú,ljuw,"pendants of banner, cap"
劉,mə.ru,liú,ljuw,kill; surname
流,ru,liú,ljuw,flow (v.)
柳,mə.ruʔ,liǔ,ljuwX,willow
翏,riws,liù,ljuwH,flying high (no pre-Han text)
六,k.ruk,liù,ljuwk,six
龍,mə.roŋ,lóng,ljowng,dragon
隆,ruŋ,lóng,ljuwng,sound of thunder
隆,ruŋ,lóng,ljuwng,high; ample; eminent
聾,C.rˤoŋ,lóng,luwng,deaf
籠,k.rˤoŋ,lóng,luwng,"cage, coop"
隴,roŋʔ,lǒng,ljowngX,mound
籠,k.rˤoŋʔ,lǒng,luwngX,basket; cage
婁,ro,lóu,lju,"drag, trail (v.)"
漏,Nə.rˤoks,lòu,luwH,leak (v.)
鏤,rˤos,lòu,luwH,carve
陋,rˤos,lòu,luwH,narrow; base (adj.)
廬,ra,lú,ljo,hut; inn; to lodge
蘆,C.rˤa,lú,lu,lúwěi 蘆葦 reed
𧆨,rˤa,lú,lu,(a kind of food vessel)
爐,rˤa,lú,lu,stove
鑪,rˤa,lú,lu,stove
虜,C.rˤaʔ,lǔ,luX,captive; imprison
魯,rˤaʔ,lǔ,luX,"dull, blunt, simple"
櫓,rˤaʔ,lǔ,luX,shield (n.)
鹵,rˤaʔ,lǔ,luX,salty (sc. land)
鹵,rˤaʔ,lǔ,luX,"rustic, coarse"
魯,r.ŋˤaʔ,lǔ,luX,(place name)
菉,rok,lù,ljowk,(name of a plant)
錄,rok,lù,ljowk,"inscribe, record"
戮,riwk,lù,ljuwk,kill
陸,ruk,lù,ljuwk,land (as opposed to water)
路,Cə.rˤaks,lù,luH,road
賂,rˤaks,lù,luH,wealth; present (v.)
露,p.rˤaks,lù,luH,dew; disclose
盝,rˤok,lù,luwk,draw off water
琭,rˤok,lù,luwk,precious stone
睩,rˤok,lù,luwk,look carefully
祿,rˤok,lù,luwk,blessing
㯟,rˤok,lù,luwk,wooded foot of mountain
鹿,mə.rˤok,lù,luwk,deer
彔,pə.rˤok,lù,luwk,carve wood (Shuōwén)
欒,mə.rˤon,luán,lwan,corners of the rim of an oval bell
鑾,mə.rˤon,luán,lwan,harness bells
欒,rˤon,luán,lwan,"emaciated, worn"
鸞,rˤon,luán,lwan,phoenix
䜌,mə.rˤon,luán,lwan,harness bells
孿,s.rons,luán,srjwenH,twins
孿,s.rons,luán,srwaenH,twins
卵,k.rˤorʔ,luǎn,lwaX,egg
卵,k.rˤorʔ,luǎn,lwanX,egg
𤔔,rˤons,luàn,lwanH,"disorder, rebellion"
亂,rˤons,luàn,lwanH,"disorder, rebellion"
論,run,lún,lwin,(in name of Lúnyǔ 論語)
倫,run,lún,lwin,relationship; order; category
輪,run,lún,lwin,wheel
綸,k.run,lún,lwin,woof; twist a cord
論,rˤun,lún,lwon,"discuss, examine"
論,rˤuns,lùn,lwonH,"discussion, discourse"
捋,rˤot,luō,lwat,"gather, pluck"
籮,C.rˤaj,luó,la,"hamper, basket (n.)"
羅,rˤaj,luó,la,a kind of net (on a handle?) (Shuōwén: 'bird net')
腡,k.rˤoj,luó,lwa,fingerprint [not in GSR]
螺,k.rˤoj,luó,lwa,"spiral, snail"
倮,rˤorʔ,luǒ,lwaX,"bare, naked"
裸,rˤorʔ,luǒ,lwaX,"bare, naked"
蠃,rˤorʔ,luǒ,lwaX,蜾蠃 kwaX.lwaX a kind of wasp
臝,rˤorʔ,luǒ,lwaX,果臝 kwaX.lwaX a kind of gourd
駱,rˤak,luò,lak,white horse with black mane
落,kə.rˤak,luò,lak,fall (v.)
濼,rˤawk,luò,lowk,(name of a river)
藘,ra,lǘ,ljo,rúlǘ < nyo-ljo < *na.la 'madder (plant)'
履,rijʔ,lǚ,lijX,tread on; sandal
儢,raʔ,lǚ,ljoX,sluggish; unenergetic
呂,raʔ,lǚ,ljoX,spine; pitch-pipe
旅,raʔ,lǚ,ljoX,military unit of 500 men; to go
縷,roʔ,lǚ,ljuX,thread
屢,roʔ-s,lǚ,ljuH,frequently
慮,ras,lǜ,ljoH,"think, consider"
綠,pə.rok,lǜ,ljowk,light blue or green
率,rut,lǜ,lwit,"norm, standard"
律,rut,lǜ,lwit,"law, rule (n.)"
律,rut,lǜ,lwit,不律 writing brush (pron. in Wú 吳 ap. Shuōwén; E. Hàn)
略,rak,lüè,ljak,draw a boundary; outline
麻,C.mˤraj,má,mae,hemp
馬,mˤraʔ,mǎ,maeX,horse
罵,C.mˤras,mà,maeH,"scold, revile"
埋,m.rˤə,mái,meaj,bury
薶,m.rˤə,mái,meaj,bury
霾,mˤrə,mái,meaj,whirlwind
買,mˤrajʔ,mǎi,meaX,buy
邁,mˤrats,mài,maejH,"proceed, march"
賣,mˤrajʔ-s,mài,meaH,sell
脈,C.mˤrik,mài,meak,vein
脉,C.mˤrik,mài,meak,vein
麥,mˤrək,mài,meak,wheat
蠻,mˤron,mán,maen,southern foreigner
瞞,mˤor,mán,man,be deceived
滿,mˤonʔ,mǎn,manX,full
慢,mˤrans,màn,maenH,disrespectful
曼,mˤans,màn,manH,distant
幔,mˤans,màn,manH,"curtain, tent"
漫,mˤans,màn,manH,"wide, limitless"
曼,mans,màn,mjonH,"extended, long"
盲,mˤraŋ,máng,maeng,blind
龍,mˤroŋ,máng,maewng,variegated
尨,mˤroŋ,máng,maewng,variegated
哤,mˤroŋ,máng,maewng,"mixed, disorderly"
駹,mˤroŋ,máng,maewng,variegated animal
厖,mˤroŋ,máng,maewng,"great, ample"
芒,mˤaŋ,máng,mang,"awn, beard of grain"
忙,mˤaŋ,máng,mang,flurried
鋩,maŋ,máng,mjang,sharp point of weapon
貓,C.mˤraw,māo,maew,cat
茅,C.mˤru,máo,maew,kind of grass; 'thatch'
毛,C.mˤaw,máo,maw,hair
旄,mˤaw,máo,maw,ox-tail pennon
矛,mru,máo,mjuw,a kind of lance
卯,mˤruʔ,mǎo,maewX,4th earthly branch
茆,mˤruʔ,mǎo,maewX,Brasenia
昴,mˤruʔ,mǎo,maewX,the Pleiades
貌,mˤrawks,mào,maewH,"appearance, manner"
瞀,mˤruk,mào,maewk,troubled eyesight
芼,mˤawks,mào,mawH,cull and cook
帽,mˤuks,mào,mawH,hat
冒,mˤuks,mào,mawH,to look down on; covetous
冒,mˤuks,mào,mawH,covering
媢,mˤuks,mào,mawH,jealous
貿,mrus,mào,muwH,barter (v.)
眉,mrər,méi,mij,eyebrow
梅,C.mˤə,méi,mwoj,plum tree
媒,C.mˤə,méi,mwoj,"match-maker, go-between"
煤,mˤə,méi,mwoj,soot; coal
枚,mˤəj,méi,mwoj,"stem, branch"
美,mrəjʔ,měi,mijX,beautiful
浼,mˤurʔ,měi,mwojX,defile (v.)
浼,mˤərʔ,měi,mwojX,smoothly flowing water
每,mˤəʔ,měi,mwojX,each
袂,k.mˤet,mèi,kwet,sleeve
𩎟,mˤrəts,mèi,meajH,music of eastern barbarians
魅,mrəts,mèi,mijH,魑魅 trhje.mijH a kind of demon
媚,mrəjʔ-s,mèi,mijH,love; flatter
袂,k.mets,mèi,mjiejH,sleeve
寐,mits,mèi,mjijH,sleep
妹,C.mˤəts,mèi,mwojH,younger sister
昧,mˤuts,mèi,mwojH,dusk; dark
捫,mˤən,mén,mwon,hold (v.)
璊,mˤur,mén,mwon,red gem
穈,mˤur,mén,mwon,red millet
汶,mˤən,mén,mwon,dirty
門,mˤər,mén,mwon,"gate, door"
亹,mˤər,mén,mwon,river-gorge
懣,mˤonʔ,mèn,manX,grieved
䖟,mˤraŋ,méng,maeng,horsefly
氓,mˤriŋ,méng,meang,"population, people"
盟,mraŋ,méng,mjaeng,covenant
蒙,mˤoŋ,méng,muwng,cover (v.)
黽,mˤrəŋʔ,měng,meangX,toad
孟,mˤraŋs,mèng,maengH,"eldest, great"
夢,C.məŋs,mèng,mjuwngH,dream
麛,m-ŋˤe,mí,mej,fawn; to hunt a young animal
迷,mˤij,mí,mej,go astray
麋,mrij,mí,mij,kind of deer
糜,C.mraj,mí,mje,"rice gruel; destroy, crush"
靡,mraj,mí,mje,to share with
彌,m-nər,mí,mjie,to complete
瀰,m.ner,mí,mjie,richly flowing stream
冞,m.ner,mí,mjie,extensively
𦊮,m.ner,mí,mjie,extensively
彌,m-nərʔ,mí,mjieX,stop
米,C.mˤejʔ,mǐ,mejX,"millet or rice grains, dehusked and polished"
瀰,m.nˤerʔ,mǐ,mejX,a rich and full flow (of a river)
靡,mrajʔ,mǐ,mjeX,squander
靡,mrajʔ,mǐ,mjeX,"not have, not exist"
靡,mrajʔ,mǐ,mjeX,fall over
靡,mrajʔ,mǐ,mjeX,"small, tiny"
弭,m-ŋejʔ,mǐ,mjieX,bow decorated with bone or ivory ends
瀰,m.nerʔ,mǐ,mjieX,richly flowing stream
敉,mejʔ,mǐ,mjieX,achieve
汨,m.nˤik,mì,mek,(name of a river)
冪,mˤek,mì,mek,cover
幦,mˤek,mì,mek,covering
簚,mˤek,mì,mek,cover (n.)
密,mrit,mì,mit,dense
𥁑,mit,mì,mjit,wipe a vessel clean (Shuōwén)
謐,mit,mì,mjit,"gentle, mild"
蜜,mit,mì,mjit,honey
眠,mˤin,mián,men,shut the eyes; sleep
宀,meŋ,mián,mjien,"house, building"
眄,mˤenʔ,miǎn,menX,look askance
俛,mranʔ,miǎn,mjenX,bend the head
免,mrorʔ,miǎn,mjenX,avoid
勉,mrorʔ,miǎn,mjenX,make an effort
冕,mrorʔ,miǎn,mjenX,ceremonial cap
沔,m.nerʔ,miǎn,mjienX,richly flowing stream
湎,menʔ,miǎn,mjienX,sink in (wine)
面,C.mens,miàn,mjienH,face
苗,mraw,miáo,mjew,sprout (n.)
邈,mˤrawk,miǎo,maewk,distant
眇,mewʔ,miǎo,mjiewX,"very small, minute"
杪,mewʔ,miǎo,mjiewX,the utmost end
渺,mewʔ,miǎo,mjiewX,vast (of water)
廟,mraws,miào,mjewH,a kind of building with side rooms
妙,mewʔ-s,miào,mjiewH,marvelous
幭,mˤek,miè,met,covering
蔑,mˤet,miè,met,destroy; not have
滅,met,miè,mjiet,destroy
緡,mrun,mín,min,wrap around
緡,mrun,mín,min,cord
珉,mrən,mín,min,a kind of precious stone
旻,mrən,mín,min,"austere, severe"
民,miŋ,mín,mjin,people
閩,mrən,mǐn,min,southern tribes
閔,mrənʔ,mǐn,minX,grieved
憫,mrənʔ,mǐn,minX,grieved
敏,mrənʔ,mǐn,minX,"diligent, active"
皿,mraŋʔ,mǐn,mjaengX,"vessel, bowl"
泯,min,mǐn,mjin,destroy
銘,mˤeŋ,míng,meng,inscription
鄍,mˤeŋ,míng,meng,[place name]
冥,mˤeŋ,míng,meng,dark
鳴,m.reŋ,míng,mjaeng,cry (of birds or animals)
明,mraŋ,míng,mjaeng,bright
名,C.meŋ,míng,mjieng,name
命,mriŋs,mìng,mjaengH,command (n.)
謬,mriws,miù,mjiwH,"lie, error < 'twist the truth'"
磨,mˤaj,mó,ma,"rub, grind"
謨,mˤa,mó,mu,deliberate (v.)
模,mˤa,mó,mu,model
塺,mˤajs,mò,maH,dust
磨,mˤajs,mò,maH,grinding stone
陌,mˤrak,mò,maek,path between fields
貉,mˤrak,mò,maek,a Northern tribe
莫,mˤak,mò,mak,there is no X such that X …
莫,mˤak,mò,mak,deliberate (v.) (loan)
末,mˤat,mò,mat,end of a branch
沫,mˤat,mò,mat,"foam, spittle"
墨,C.mˤək,mò,mok,ink
𠬛,mˤut,mò,mwot,"to dive, drown, die"
沒,mˤut,mò,mwot,"to dive, drown, die"
歿,mˤut,mò,mwot,"to dive, drown, die"
歾,mˤut,mò,mwot,die
謀,mə,móu,mjuw,plan (v.)
某,məʔ,mǒu,muwX,so and so; a certain
譕,mra,mú,mju,advise
牡,mruʔ,mǔ,muwX,male
母,məʔ,mǔ,muwX,mother
姆,məʔ,mǔ,muwX,female teacher in harem
畮,məʔ,mǔ,muwX,Chinese acre
畝,məʔ,mǔ,muwX,Chinese acre
幕,mˤak,mù,mak,covering
目,C.mruk,mù,mjuwk,eye
穆,mriwk,mù,mjuwk,harmonious
𡍬,mruk,mù,mjuwk,concord
睦,mruk,mù,mjuwk,concord
牧,mək,mù,mjuwk,"to herd, herdsman"
慕,C.mˤaks,mù,muH,love; long for
墓,C.mˤaks,mù,muH,grave (n.)
募,mˤaks,mù,muH,summon
木,C.mˤok,mù,muwk,"tree, wood"
拏,nˤra,ná,nrae,handle (v.)
挐,nˤra,ná,nrae,handle (v.)
內,nˤup,nà,nop,bring or send in
納,nˤup,nà,nop,bring or send in
乃,nˤəŋʔ,nǎi,nojX,your
廼,nˤərʔ,nǎi,nojX,then
迺,nˤərʔ,nǎi,nojX,then
乃,nˤəʔ,nǎi,nojX,then
奈,nˤats,nài,najH,cope with
耐,nˤəs,nài,nojH,endure
難,nˤar,nán,nan,difficult
男,nˤəm,nán,nom,"man, male"
南,nˤəm,nán,nom,south
戁,nˤrarʔ,nǎn,nraenX,fear (v.)
難,nˤars,nàn,nanH,difficulty
囊,nˤaŋ,náng,nang,"sack, bag"
曩,nˤaŋʔ,nǎng,nangX,in past times
夒,nˤu,náo,naw,a kind of monkey
猱,nˤu,náo,naw,a kind of monkey
獶,nˤu,náo,naw,a kind of monkey
鐃,nˤrew,náo,nraew,a kind of bell
撓,m-qʰˤrewʔ,náo,nraewX,bend (v.); flinch
撓,nˤrawʔ,náo,nraewX,disturb
橈,nˤrews,náo,nraewH,bent wood
腦,nˤuʔ,nǎo,nawX,brain
眲,nˤrək,nè,nreak,disdain
訥,nˤut,nè,nwot,slow of speech
吶,not,nè,nywet,slow of speech
餒,nˤujʔ,něi,nwojX,"hungry, starve"
內,nˤups,nèi,nwojH,inside
能,nˤə,néng,noj,a kind of bear
能,nˤəŋ,néng,nong,a kind of bear
能,nˤəʔ,néng,nong,able; ability
麑,m-ŋˤe,ní,mej,fawn
泥,C.nˤəj,ní,nej,mud
臡,nˤer,ní,nej,pickled meat with bones in it
尼,nˤərʔ,ní,nejX,to stop
泥,nˤərʔ-s,ní,nejH,"impeded, obstructed (Lunyu)"
尼,nˤərʔ-s,ní,nejH,"to stop, obstruct"
倪,ŋˤe,ní,ngej,young and weak
尼,nrəj,ní,nrij,"near, close"
怩,nrəj,ní,nrij,ashamed
擬,ŋrəʔ,nǐ,ngiX,"estimate, calculate"
柅,nrərʔ,nǐ,nrijX,a stopper for carriages
柅,nrərʔ-s,nǐ,nrijH,a stopper for carriages
溺,nˤewk,nì,nek,to sink in water
屰,ŋrak,nì,ngjaek,go against
逆,ŋrak,nì,ngjaek,go against
膩,nrijs,nì,nrijH,oily
匿,nrək,nì,nrik,conceal
䵒,nrik,nì,nrit,adhere; a lady's clothes nearest to the body
䵑,nrik,nì,nrit,glue
昵,nrik,nì,nrit,"close, intimate"
暱,nrik,nì,nrit,"close, intimate"
年,C.nˤiŋ,nián,nen,harvest; year
輦,ranʔ,niǎn,ljenX,cart drawn by men
蹍,nranʔ,niǎn,nrjenX,trample
念,nˤims,niàn,nemH,think of
鳥,tˤiwʔ,niǎo,tewX,bird
尿,kə.nˤewks,niào,newH,urine
溺,kə.nˤewks,niào,newH,urine
齧,ŋˤet,niè,nget,gnaw
闑,ŋˤet,niè,nget,vertical post or pole
槷,ŋˤet,niè,nget,vertical pole or post
孼,ŋrat,niè,ngjet,concubine’s son
櫱,ŋrat,niè,ngjet,(shoots from) tree stump
闑,ŋret,niè,ngjet,vertical post
踂,nrep,niè,nrjep,unable to walk
聶,nrep,niè,nrjep,promise; whisper in one's ear
躡,nrep,niè,nrjep,trample
甯,nˤeŋ,níng,neng,peace
寧,nˤeŋ,níng,neng,peace
凝,ŋrəŋ,níng,nging,"freeze, coagulate"
甯,nˤeŋs,nìng,nengH,(place name in Zuozhuan)
佞,nˤiŋs,nìng,nengH,clever
牛,ŋʷə,niú,ngjuw,ox
狃,Cə.nruʔ,niǔ,nrjuwX,animal tracks; claws
紐,nruʔ,niǔ,nrjuwX,fastener
膿,C.nˤuŋ,nóng,nowng,pus
農,nˤoŋ,nóng,nowng,agriculture; to farm
濃,nroŋ,nóng,nrjowng,thick (esp. as a liquid); strong (sc. drink)
弄,rˤoŋs,nòng,luwngH,"manipulate, play with"
槈,nˤoks,nòu,nuwH,"to hoe, to weed"
耨,nˤoks,nòu,nuwH,"to hoe, to weed"
奴,nˤa,nú,nu,slave
弩,C.nˤaʔ,nǔ,nuX,crossbow
怒,C.nˤaʔ,nù,nuX,angry
怒,C.nˤaʔ-s,nù,nuH,"anger, angry; vigorous"
儺,nˤar,nuó,na,expel demons
儺,nˤar,nuó,na,"rich, ample, fine, beautiful"
那,nˤar,nuó,na,ample
儺,nˤarʔ,nuó,naX,"rich, beautiful"
諾,nˤak,nuò,nak,"agree, say yes"
女,nraʔ,nǚ,nrjoX,female
籹,nraʔ,nǚ,nrjoX,gjoX-nrjoX (a kind of cake)
女,nraʔ-s,nǜ,nrjoH,give as a wife
虐,ŋrawk,nüè,ngjak,cruel
區,qˤro,ōu,'uw,(a measure)
嘔,qˤroʔ,ǒu,'uwX,vomit
藕,C.ŋˤroʔ,ǒu,nguwX,lotus root
偶,ŋˤroʔ,ǒu,nguwX,"pair, double"
耦,ŋˤroʔ,ǒu,nguwX,pair (n.)
爬,bˤra,pá,bae,climb on all fours
耙,bˤra,pá,bae,rake (n.)
拍,mə.pʰˤrak,pāi,phaek,to strike
簰,Cə.bˤre,pái,bea,raft
排,bˤrəj,pái,beaj,push
扳,pˤran,pān,paen,pull forward
攀,pʰˤran,pān,phaen,pull oneself up
蟠,bˤar,pán,ba,curl (v.)
盤,bˤan,pán,ban,"tray, basin"
蟠,bˤar,pán,ban,curl (v.)
畔,m-pʰˤans,pàn,banH,bank between fields
判,pʰˤans,pàn,phanH,divide
龐,bˤroŋ,páng,baewng,huge
彷,bˤaŋ,páng,bang,bang-hwang hestitate
旁,bˤaŋ,páng,bang,side; broad
傍,bˤaŋ,páng,bang,beside; assist
徬,bˤaŋ,páng,bang,walk alongside
蒡,bˤaŋ,páng,bang,(a kind of plant)
雱,pʰˤaŋ,páng,phang,heavy snowfall
摽,pʰˤrew,pāo,phaew,cast aside
匏,bˤru,páo,baew,gourd
袍,m.pˤu,páo,baw,long robe
𧳏,brə,péi,bij,"kind of wild cat (pron. in northern Yān 燕 and Cháoxiǎn 朝鮮, ap. Fāngyán)"
茷,bˤats,pèi,bajH,"streamer, flutter"
佩,bˤəks,pèi,bwojH,"to wear at girdle, pendants"
肺,pʰˤats,pèi,phajH,"dense, luxuriant (sc. foliage)"
配,pʰˤəjs,pèi,phwojH,counterpart; be the counterpart of
轡,prits,pèi,pijH,reins
盆,bˤən,pén,bwon,"bowl, basin"
亨,p.qʰˤraŋ,pēng,phaeng,(loan for) to boil
烹,p.qʰˤraŋ,pēng,phaeng,boil (v.)
彭,C.bˤraŋ,péng,baeng,(place name)
朋,bˤəŋ,péng,bong,set of cowries; friend
篷,C.bˤoŋ,péng,buwng,awning; sail
芃,bˤom,péng,buwng,"luxuriant, bushy, thick"
逢,bˤoŋ,péng,buwng,sound of the drum
邳,brə,pī,bij,(place name)
丕,pʰrə,pī,phij,great
被,mə.pʰraj,pī,phje,cover oneself with
披,pʰraj,pī,phje,divide
鼙,bˤe,pí,bej,small hand-drum
疲,braj,pí,bje,"weary, exhausted"
罷,braj,pí,bje,"wear out, exhaust"
皮,m-praj,pí,bje,skin
脾,m-pe,pí,bjie,spleen
毗,bij,pí,bjij,assist; boastful
貔,bij,pí,bjij,kind of wild cat
羆,praj,pí,pje,brown-and-white bear
擗,bek,pǐ,bjiek,beat the breast
諀,pʰeʔ,pǐ,phjieX,slander
匹,pʰit,pǐ,phjit,one of a pair
甓,bˤek,pì,bek,"tile, brick"
淠,pʰˤits,pì,phejH,luxuriant
被,pʰrajs,pì,phjeH,cloak
譬,pʰeks,pì,phjieH,example
僻,pʰek,pì,phjiek,perverse
偏,pʰen,piān,phjien,oblique; subordinate
篇,pʰen,piān,phjien,section in writing
翩,pʰen,piān,phjien,"fly, flutter about"
蹁,bˤer,pián,ben,蹁蹮 walk with difficulty (Shuōwén)
便,ben,pián,bjien,glib-tongued
平,ben,pián,bjien,distinguish; punctiious
諞,m-pʰer,pián,bjien,insincere words
片,pʰˤens,piàn,phenH,half; partial
騙,pʰenʔ-s,piàn,phjienH,"to fool, to cheat"
摽,pʰˤew,piāo,phew,strike down
瓢,Cə.bew,piáo,bjiew,gourd
薸,m-pew,piáo,bjiew,duckweed
票,pʰew,piào,phjiew,leaping flames (Shuōwén)
貧,brən,pín,bin,poor
頻,bin,pín,bjin,frequently
頻,m-pin,pín,bjin,river bank
品,pʰrəmʔ,pǐn,phimX,"kind, class"
牝,birʔ,pìn,bjijX,female of animals
牝,birʔ,pìn,bjinX,female of animals
娉,p.Creŋs,pìn,phjiengH,inquire about (marriage)
聘,p.leŋs,pìn,pjiengH,inquire; invite
甹,p.C-lˤeŋ,pīng,pheng,frank words (Shuōwén)
屏,bˤeŋ,píng,beng,screen; to protect
缾,bˤeŋ,píng,beng,pitcher
瓶,bˤeŋ,píng,beng,bottle
苹,bˤeŋ,píng,beng,duckweed
馮,brəŋ,píng,bing,"full, solid"
馮,brəŋ,píng,bing,lean on
憑,brəŋ,píng,bing,lean on
平,breŋ,píng,bjaeng,even (adj.)
平,m-breŋ,píng,bjaeng,make even
馮,Cə.bəŋ,píng,bjuwng,Féng (surname)
頗,pʰˤaj,pō,pha,"slanting, oblique"
婆,bˤaj,pó,ba,"婆娑 saunter, dance"
鄱,bˤar,pó,ba,鄱陽 Póyáng (place name)
皤,bˤar,pó,ba,"white, white-haired"
迫,Cə.pˤrak,pò,paek,near; press
破,pʰˤajs,pò,phaH,break (v.)
霸,pʰˤrak,pò,phaek,new moon
魄,pʰˤrak,pò,phaek,bodily form or soul
膊,pʰˤak,pò,phak,dismember
剖,pʰˤroʔ,pōu,phuwX,"cleave, cut"
痡,pʰra,pū,phju,"suffering, exhausted"
仆,pʰroks,pū,phjuH,fall prostrate
仆,pʰoks,pū,phjuwH,fall prostrate
痡,pʰˤa,pū,phu,"suffering, exhausted"
鋪,pʰˤa,pū,phu,spread out
仆,pʰˤroks,pū,phuwH,fall prostrate
撲,pʰˤok,pū,phuwk,beat (v.)
匍,bˤa,pú,bu,crawl
蒲,bˤa,pú,bu,part of personal name
僕,bˤok,pú,buwk,"charioteer, servant"
濮,pˤok,pú,puwk,[part of a proper name]
樸,pʰˤrok,pǔ,phaewk,unworked wood
浦,pʰˤaʔ,pǔ,phuX,river bank
暴,m-pˤawk,pù,buwk,expose to sun
曝,m-pˤawk,pù,buwk,expose to the sun
期,grə,qī,gi,period of time
欺,kʰrə,qī,khi,"to deceive, cheat"
棲,s-nˤər,qī,sej,bird's nest
栖,s-nˤər,qī,sej,roost (v.)
妻,tsʰˤəj,qī,tshej,"consort, wife"
萋,tsʰˤəj,qī,tshej,"ample, rich, luxuriant"
慼,s-tʰˤiwk,qī,tshek,anxiously thoughtful
戚,s.tʰˤiwk,qī,tshek,(in 'toad')
戚,s.tʰˤiwk,qī,tshek,relatives
戚,s.tʰˤiwk,qī,tshek,kind of battle axe
戚,s.tʰˤiwk,qī,tshek,worried; sad; depressed
鏚,s.tʰˤiwk,qī,tshek,axe
緝,tsʰəp,qī,tship,hem (a garment)
七,tsʰit,qī,tshit,seven
桼,tsʰit,qī,tshit,varnish
漆,tsʰit,qī,tshit,varnish tree
懠,dzˤij,qí,dzej,angry
臍,dzˤəj,qí,dzej,navel
齊,dzˤəj,qí,dzej,"uniform, equal"
齊,dzˤəj,qí,dzej,Qí (place name)
懠,dzˤijs,qí,dzejH,angry
棋,grə,qí,gi,"chess, board game"
旗,grə,qí,gi,flag
綦,grə,qí,gi,gray or bluish-black
綦,grə,qí,gi,sandal cord
騏,grə,qí,gi,black-mottled grey horse
丌,gə,qí,gi,(3p possessive)
其,gə,qí,gi,modal particle
其,gə,qí,gi,(3p possessive)
綦,grəs,qí,giH,sandal cord
耆,grij,qí,gij,old
鰭,grij,qí,gij,dorsal fin of a fish
祁,grij,qí,gij,(place name)
祁,grəj,qí,gij,"great, numerous"
蟣,C.gəj,qí,gj+j,leech
祈,C.ɢər,qí,gj+j,pray
旂,C.ɢər,qí,gj+j,banner; flag
蘄,C.ɢər,qí,gj+j,banner; flag
騎,C.graj,qí,gje,straddle; ride
錡,C.ɢraj,qí,gje,cooking pot
奇,N-kraj,qí,gje,strange
騎,grajs,qí,gjeH,rider
歧,N-ke,qí,gjie,forked (road)
祇,k.de,qí,gjie,earth spirit
稽,kʰˤijʔ,qǐ,khejX,bow the head to the ground
䭫,kʰˤijʔ,qǐ,khejX,bow the head to the ground
启,kʰˤijʔ,qǐ,khejX,open (v.)
起,C.qʰrəʔ,qǐ,khiX,rise (v.)
豈,C.qʰəjʔ,qǐ,khj+jX,how
乞,C.qʰət,qǐ,khj+t,"beg, ask"
綺,kʰrajʔ,qǐ,khjeX,patterned silk
企,kʰeʔ,qǐ,khjieX,stand on tiptoe
企,kʰeʔ-s,qǐ,khjieH,stand on tiptoe
契,kʰˤets,qì,khejH,script notches
亟,kʰrəks,qì,khiH,often
器,kʰrəts,qì,khijH,vessel; instrument
湆,kʰrəp,qì,khip,meat juice
泣,k-Crəp,qì,khip,weep
气,C.qʰəps,qì,khj+jH,"(inhaled thing:) breath, air, vapors"
氣,C.qʰəps,qì,khj+jH,cloudy vapors
憩,C.qʰrats,qì,khjejH,rest (v.)
愒,C.qʰrat,qì,khjet,to rest
棄,kʰits,qì,khjijH,"throw away, abandon"
弃,kʰits,qì,khjijH,"throw away, abandon"
妻,tsʰˤəjs,qì,tshejH,give as wife
訖,qʰəts,qì,xj+jH,finish; rest
洽,N-kˤrop,qià,heap,accord with
㓞,kʰˤret,qià,kheat,skilfull engraving (Shuōwén)
幵,kˤer,qiān,ken,"even, level (Shuōwén)"
謙,k-Cˤrem,qiān,khem,modest
牽,kʰˤin,qiān,khen,"pull, lead, drag"
愆,C.qʰran,qiān,khjen,"exceed, err"
褰,kʰran,qiān,khjen,trousers; lift up (a garment)
阡,tsʰˤin,qiān,tshen,N-S path between fields
千,s.C-nˤiŋ,qiān,tshen,thousand
僉,s.qʰam,qiān,tshjem,all; many
譣,s.qʰam,qiān,tshjem,"insincere, ingratiating"
𠨧,tsʰar,qiān,tshjen,rise high (Shuōwén)
遷,tsʰar,qiān,tshjen,move (v.)
餰,t-qan,qiān,tsyen,gruel
前,dzˤen,qián,dzen,before
潛,dzom,qián,dzjem,go under water
潛,dzom,qián,dzjem,"驩潛 Khwārazm (region in Central Asia, W. Hàn)"
潛,dzoms,qián,dzjemH,to hide; secretly
錢,N-tsan,qián,dzjen,"coin, money"
鉗,C.grem,qián,gjem,"pincers, tongs"
黔,grom,qián,gjem,black
乾,grar,qián,gjen,heaven; heavenly
虔,gran,qián,gjen,kill; cut (v.)
燂,sə.lom,qián,zjem,heat; roast; boil (meat)
遣,kʰenʔ,qiǎn,khjienX,send
譣,s.qʰamʔ,qiǎn,tshjemX,"insincere, ingratiating"
淺,tsʰenʔ,qiǎn,tshjenX,shallow
歉,kʰˤremʔ-s,qiàn,kheamH,"deficient, modest"
遣,kʰenʔ-s,qiàn,khjienH,grave goods
欠,kʰroms,qiàn,khjomH,yawn
塹,tsʰams,qiàn,tshjemH,moat; dig out
羌,C.qʰaŋ,qiāng,khjang,western tribes
彊,N-kaŋ,qiáng,gjang,strong
强,N-kaŋ,qiáng,gjang,strong
强,m-kaŋʔ,qiǎng,gjangX,make an effort
蹻,grawk,qiāo,gjak,lifting the feet high
磽,C.qʰˤrew,qiāo,khaew,stony soil
骹,kʰˤraw,qiāo,khaew,tibia
喬,N-kraw,qiáo,gjew,"high, tall"
蕎,graw,qiáo,gjew,buckwheat (qiáomài 蕎麥)
橋,graw,qiáo,gjew,bridge
翹,gew,qiáo,gjiew,long tail-feather
翹,gew,qiáo,gjiew,raise
巧,kʰˤruʔ,qiǎo,khaewX,artful
竅,kʰˤewks,qiào,khewH,"hole, opening"
且,tsʰAʔ,qiě,tshjaeX,moreover
匧,kʰˤep,qiè,khep,"to store; basket, box"
契,kʰˤet,qiè,khet,契闊 hard-working (Ode 31.4)
契,kʰˤet,qiè,khet,cut
鍥,kʰˤet,qiè,khet,cut; a sickle
竊,tsʰˤet,qiè,tshet,steal
切,tsʰˤit,qiè,tshet,cut; urgent
妾,tsʰap,qiè,tshjep,concubine
衾,kʰrəm,qīn,khim,coverlet
侵,tsʰim,qīn,tshim,invade
駸,tsʰim,qīn,tshim,gallop
親,tsʰin,qīn,tshin,close; parents
駸,tsʰrim,qīn,tsrhim,gallop
鬵,sə.ləm,qín,dzim,large boiler
秦,dzin,qín,dzin,Qín (place name)
擒,C.ɢrəm,qín,gim,catch
禽,C.ɢrəm,qín,gim,bird; animal
禽,C.ɢrəm,qín,gim,"catch, capture"
琴,C.ɢrəm,qín,gim,lute
堇,grər,qín,gin,clay
矜,griŋ,qín,gin,kind of lance
芹,C.ɢər,qín,gj+n,cress
勤,gər,qín,gj+n,"toil, diligent, devoted"
懃,gər,qín,gj+n,"toil, diligent, devoted"
鬵,sə.ləm,qín,zim,large boiler
螼,C-qʰrərʔ,qǐn,khinX,earthworm
螼,C-qʰrərʔ-s,qǐn,khinH,earthworm
寢,tsʰimʔ,qǐn,tshimX,sleep
衿,C.ɢrəms,qìn,gimH,sash string
卿,C.qʰraŋ,qīng,khjaeng,minister (v.)
輕,kʰeŋ,qīng,khjieng,light (≠ heavy)
傾,kʰʷeŋ,qīng,khjwieng,incline (v.)
青,s.Cˤreŋ,qīng,tsheng,green or blue
清,tsʰeŋ,qīng,tshjeng,clear (adj.)
晴,N-tsʰeŋ,qíng,dzjeng,to clear (of weather)
情,dzeŋ,qíng,dzjeng,affections; response to circumstances
請,m-tsʰeŋ,qíng,dzjeng,"request, invite"
謦,C.qʰˤeŋʔ,qǐng,khengX,"cough, clear the throat"
頃,kʰʷeŋʔ,qǐng,khjwiengX,"interval, short while"
請,tsʰeŋʔ,qǐng,tshjengX,request
殸,C.qʰˤeŋs,qìng,khengH,hanging musical stone
磬,C.qʰˤeŋs,qìng,khengH,suspend
𥥻,kʰˤeŋs,qìng,khengH,empty
罄,kʰˤeŋs,qìng,khengH,empty; exhaustively
慶,kʰraŋs,qìng,khjaengH,"happy, rejoice"
凊,tsʰeŋs,qìng,tshjengH,cold
窮,gruŋ,qióng,gjuwng,poor
窮,m-gruŋ,qióng,gjuwng,exhaust
瞏,gʷeŋ,qióng,gjwieng,"scared, sad"
丘,kʰʷə,qiū,khjuw,"hill, mound"
蚯,kʰʷə,qiū,khjuw,蚯蚓 khjuw.yinX earth-worm
緧,tsʰu,qiū,tshjuw,crupper
秋,tsʰiw,qiū,tshjuw,autumn; crop
蝤,dzu,qiú,dzjuw,蝤蠐 tree-grub
酋,m-tsu,qiú,dzjuw,wine-master
球,gru,qiú,gjuw,'ball'?
仇,gru,qiú,gjuw,mate (*n.)
求,gru,qiú,gjuw,seek
裘,gʷə,qiú,gjuw,fur garment
逑,gru,qiú,gjuw,come together; mate (n.)
遒,tsu,qiú,tsjuw,"collect, bring together"
泅,sN.ru,qiú,zjuw,swim
囚,sə.lu,qiú,zjuw,prisoner
胠,kʰrap,qū,khjaep,armpit; right wing of an army
曲,kʰrok,qū,khjowk,to bend
驅,kʰro,qū,khju,drive (horses) forward
屈,Nə.kʰut,qū,khjut,bent
屈,kʰut,qū,khjut,"bend, subdue"
岨,tsʰa,qū,tshjo,rock covered with earth
趨,tsʰro,qū,tsrhju,hasten
渠,gra,qú,gjo,canal
劬,gro,qú,gju,toil
絇,gro,qú,gju,decoration on the toe of a shoe
瞿,grʷa,qú,gju,a kind of lance
䀠,krʷas,qú,kjuH,look right and left
取,tsʰoʔ,qǔ,tshjuX,take
去,kʰraʔ,qù,khjoX,get rid of
去,kʰraps,qù,khjoH,depart
闃,k-C-mˤik,qù,khwek,quiet
取,tsʰoʔ-s,qù,tshjuH,take (a wife)
娶,tsʰoʔ-s,qù,tshjuH,take a wife
趣,tsʰoʔ-s,qù,tshjuH,hasten to
全,dzon,quán,dzjwen,complete (adj.)
泉,s-N-ɢʷar,quán,dzjwen,"spring, source"
拳,N-kron,quán,gjwen,fist (< rolled-up hand)
權,grʷar,quán,gjwen,weight of a steelyard
卷,grʷen,quán,gjwen,handsome
鬈,grʷen,quán,gjwen,handsome (hair?)
犬,kʰˤʷenʔ,quǎn,khwenX,dog
勸,C.qʰʷars,quàn,khjwonH,encourage
缺,Nə.kʰˤʷet,quē,khwet,break; defective
確,kʰˤrawk,què,khaewk,"solid, firm"
殼,kʰˤrok,què,khaewk,"hollow shell, hollow"
卻,kʰak,què,khjak,"decline, refuse"
却,kʰak,què,khjak,"decline, refuse"
闕,kʰʷat,què,khjwot,tower over gate
闋,kʰˤʷit,què,khwet,"finish, end"
鵲,tsʰak,què,tshjak,magpie
雀,tsewk,què,tsjak,sparrow
囷,kʰrun,qūn,khwin,round granary
夋,tsʰur,qūn,tshwin,to run; to squat (Shuōwén)
裙,gur,qún,gjun,skirt
群,gur,qún,gjun,"flock, herd, group"
羣,gur,qún,gjun,"flock, herd, group"
髯,nam,rán,nyem,whiskers
㸐,C.nan,rán,nyen,burn
燃,C.nan,rán,nyen,burn
然,nan,rán,nyen,"so, thus; (adv suffix)"
染,C.namʔ,rǎn,nyemX,to dye
熯,narʔ,rǎn,nyenX,respectful; to fear
攘,naŋ,ráng,nyang,"oppose, disturb"
攘,naŋ,ráng,nyang,steal; expel
壤,naŋʔ,rǎng,nyangX,cultivated soil
攘,naŋʔ,rǎng,nyangX,oppose; disturb
讓,naŋs,ràng,nyangH,yield
襓,ŋew,ráo,nyew,scabbard
饒,ŋew,ráo,nyew,abundant
橈,ŋew,ráo,nyew,oar
繞,ŋewʔ,rǎo,nyewX,curved
繞,ŋewʔ-s,rǎo,nyewH,to wind round
熱,C.nat,rè,nyet,hot
壬,nəm,rén,nyim,9th heavenly stem
人,niŋ,rén,nyin,(other) person
仁,niŋ,rén,nyin,kind
荏,nəmʔ,rěn,nyimX,a kind of big beans
稔,nimʔ,rěn,nyimX,"harvest, year"
忍,nənʔ,rěn,nyinX,cruel
忍,nənʔ,rěn,nyinX,endure
紝,nrəm,rèn,nrim,weave
紝,nəm,rèn,nyim,weave
衽,nəmʔ,rèn,nyimX,"skirts of robe, flaps; lapel"
飪,nəmʔ,rèn,nyimX,thoroughly cooked
恁,nəmʔ,rèn,nyimX,think
任,nəms,rèn,nyimH,burden; charge (n.)
衽,nəmʔ-s,rèn,nyimH,"skirts of robe, flaps; lapel"
刃,nəns,rèn,nyinH,edge of a blade
認,nəns,rèn,nyinH,know
軔,nərʔ-s,rèn,nyinH,wheel stopper
仍,nəŋ,réng,nying,repeat
日,C.nik,rì,nyit,sun; day
衵,nik,rì,nyit,a lady's clothes nearest to the body
榮,N-qrʷeŋ,róng,hjwaeng,"glory, honor"
榮,N-qrʷeŋ,róng,hjwaeng,榮觀 imperial palace; walls and watchtowers
嶸,ɢrʷeŋ,róng,hjwaeng,"high, distant"
嶸,ɢˤrʷeŋ,róng,hweang,"崢嶸 high, precipitous"
戎,nuŋ,róng,nyuwng,foreigners in the west
戎,nuŋ,róng,nyuwng,weapon
茙,nuŋ,róng,nyuwng,a kind of bean
㝐,ɢroŋ,róng,yowng,contain
容,ɢroŋ,róng,yowng,contain
容,ɢroŋ,róng,yowng,appearance
頌,ɢroŋ,róng,yowng,appearance
融,luŋ,róng,yuwng,"hot air, steam, heat"
肜,m.rum,róng,yuwng,sacrifice on a following day
彡,m.rum,róng,yuwng,to sacrifice on a following day
䑣,m.rum,róng,yuwng,sacrifice on the following day
柔,nu,róu,nyuw,soft
肉,k.nuk,ròu,nyuwk,"meat, flesh"
如,na,rú,nyo,go to
如,na,rú,nyo,"as, like, if"
洳,na,rú,nyo,name of a river
茹,naʔ,rú,nyoX,"swallow, eat"
茹,nas,rú,nyoH,scrutinize
茹,naʔ-s,rú,nyoH,"swallow, eat"
濡,no,rú,nyu,"wet, glossy"
襦,no,rú,nyu,jacket
汝,naʔ,rǔ,nyoX,you (sg.)
辱,nok,rǔ,nyowk,disgrace
乳,noʔ,rǔ,nyuX,milk; nipple
入,nup,rù,nyip,enter
洳,nas,rù,nyoH,wet ground
縟,nok,rù,nyowk,variegated
蓐,nok,rù,nyowk,straw bedding
孺,nos,rù,nyuH,child
緌,nuj,ruí,nywij,tassel
瑞,dors,ruì,dzyweH,jade tablet
鋭,lots,ruì,ywejH,sharp
閏,nuns,rùn,nywinH,intercalary month
若,nak,ruò,nyak,you
若,nak,ruò,nyak,agree
弱,newk,ruò,nyak,weak
爇,not,ruò,nywet,to burn
焫,not,ruò,nywet,"hot, burning; to burn"
洒,Cə.srərʔ,sǎ,sreaX,sprinkle
灑,Cə.srərʔ,sǎ,sreaX,sprinkle
纚,sreʔ,sǎ,sreaX,hair-band
灑,Cə.srərʔ-s,sǎ,sreaH,sprinkle
曬,sres,sǎ,sreaH,to sun (Hàn time)
灑,Cə.srərʔ-s,sǎ,srjeH,sprinkle
摋,sˤat,sà,sat,to slap from the side
塞,sˤəks,sài,sojH,frontier
塞,sˤəks,sài,sojH,pass (n.)
參,s.rum,sān,sam,three
三,s.rum,sān,sam,three
三,s.rums,sān,samH,three times
散,sˤanʔ,sǎn,sanX,scattered (adj.)
傘,sˤarʔ,sǎn,sanX,"umbrella, parasol"
散,mə.sˤanʔ-s,sàn,sanH,scatter (v.t.)
桑,sˤaŋ,sāng,sang,mulberry tree
喪,s-mˤaŋ,sāng,sang,"mourning, burial"
顙,sˤaŋʔ,sǎng,sangX,forehead
喪,s-mˤaŋs,sàng,sangH,lose; destroy
臊,m.sˤaw,sāo,saw,fat of swine or dog
鱢,m.sˤaw,sāo,saw,putrid smell
騷,sˤu,sāo,saw,disturb
搔,s-tsˤu,sāo,saw,scratch (v.)
燥,C.sˤawʔ-s,sào,sawH,dry
塞,sˤək,sè,sok,"stop up, block (v.)"
嗇,s.rək,sè,srik,reap
穡,s.rək,sè,srik,reap
色,s.rək,sè,srik,color; countenance
瑟,s.mrit,sè,srit,lute
森,s.rəm,sēn,srim,dense trees
槮,s.Crəm,sēn,tsrhim,tall (tree)
沙,sˤraj,shā,srae,sand
殺,srat,shā,sreat,kill
翣,sˤrap,shà,sraep,plume-fan
歃,sˤrop,shà,sreap,smear mouth with victim's blood
歃,srop,shà,srjep,smear mouth with blood
釃,Cə.sre,shāi,srje,to strain off wine
殺,srats,shài,sreajH,diminish
芟,sˤram,shān,sraem,mow (v.)
髟,sˤram,shān,sraem,long hair
潸,sˤran,shān,sraen,tears flowing
潸,sran,shān,srean,tears flowing
山,s-ŋrar,shān,srean,"mountain, hill"
苫,s.tem,shān,syem,thatch
羶,s.tan,shān,syen,smell of sheep
羴,s.tan,shān,syen,smell of sheep
膻,s.tan,shān,syen,smell of sheep
贍,dams,shàn,dzyemH,sufficient
墠,danʔ,shàn,dzyenX,leveled area
壇,danʔ,shàn,dzyenX,leveled area
善,genʔ,shàn,dzyenX,good
擅,dans,shàn,dzyenH,act without authority
禪,dars,shàn,dzyenH,hand over to another
繕,genʔ-s,shàn,dzyenH,(make good:) repair
苫,s-tems,shàn,syemH,thatch
扇,C-lars,shàn,syenH,leaf of door (: fan?)
湯,C-laŋ,shāng,syang,amply-flowing
愓,C-laŋ,shāng,syang,move straight and rapidly
傷,C-laŋ,shāng,syang,wound
觴,C-laŋ,shāng,syang,goblet
商,s-taŋ,shāng,syang,musical note
商,s-taŋ,shāng,syang,(place name)
商,s-taŋ,shāng,syang,estimate; business; trader
曏,C-naŋʔ,shǎng,syangX,a short time
賞,s-taŋʔ,shǎng,syangX,reward (v.)
上,Cə.daŋʔ,shàng,dzyangX,ascend
上,m-daŋʔ,shàng,dzyangX,to put up
尚,daŋs,shàng,dzyangH,upwards
尚,daŋs,shàng,dzyangH,"still, yet"
上,daŋʔ-s,shàng,dzyangH,"top, above (n.)"
餉,C-naŋʔ-s,shàng,syangH,give food; food
曏,C-naŋs,shàng,syangH,a short time
捎,sˤew,shāo,sew,eliminate
筲,sˤrew,shāo,sraew,bamboo vessel
燒,C-ŋew,shāo,syew,burn
勺,m-tewk,sháo,dzyak,ladle (n.)
杓,m-tewk,sháo,dzyak,ladle (n.)
少,s.tewʔ,shǎo,syewX,few
召,dawʔ,shào,dzyewX,(place name)
邵,daws,shào,dzyewH,(place name)
稍,sˤrews,shào,sraewH,rations
削,sˤrewks,shào,sraewH,zone near the capital
少,s-tewʔ-s,shào,syewH,young
賖,C-lA,shē,syae,trade on credit
賒,C-lA,shē,syae,trade on credit
奢,s.tʰA,shē,syae,extravagant
折,N-tet,shé,dzyet,bend (v.i.)
蛇,Cə.lAj,shé,zyae,snake
舌,mə.lat,shé,zyet,tongue
舍,C-lAʔ,shě,syaeX,"set aside, give up"
捨,C-lAʔ,shě,syaeX,"set aside, give up"
社,m-tʰAʔ,shè,dzyaeX,sacrifice to the spirit of the soil
舍,C-lAks,shè,syaeH,lodging-house
赦,C-lAks,shè,syaeH,to pardon
攝,kə.C-nep,shè,syep,"catch, gather up"
韘,C-lap,shè,syep,archer's thimble
設,C-ŋet,shè,syet,set up
射,Cə.lAks,shè,zyaeH,shoot; archer
射,Cə.lAk,shè,zyek,hit with bow and arrow
參,srum,shēn,srim,the constellation Orion’ (named for the three stars in Orion’s belt)
兟,srər,shēn,srin,to advance (Shuōwén)
莘,srin,shēn,srin,"long, drawn-out"
詵,srər,shēn,srin,numerous
深,C-ləm,shēn,syim,deep
深,C-ləms,shēn,syimH,depth
紳,C-lin,shēn,syin,sash around the waist
申,C-lin,shēn,syin,9th earthly branch
伸,C-lin,shēn,syin,"stretch, extend"
呻,C-lin,shēn,syin,"chant, drone"
身,C-niŋ,shēn,syin,body; self
娠,s-tər,shēn,syin,pregnant
娠,tərs,shēn,tsyinH,pregnant
神,Cə.lin,shén,zyin,spirit
沈,s.təmʔ,shěn,syimX,(name of a state)
諗,C-nimʔ,shěn,syimX,remonstrate
審,s.tʰəmʔ,shěn,syimX,"examine, discriminate"
哂,C-nərʔ,shěn,syinX,smile
瀋,tʰəmʔ,shěn,tsyhimX,liquid
甚,t.ɢəmʔ,shèn,dzyimX,"excessive, very"
甚,t.ɢəmʔ-s,shèn,dzyimH,excessive
腎,Cə.ginʔ,shèn,dzyinX,kidney
蜃,dərʔ,shèn,dzyinX,"clam, oyster"
慎,dins,shèn,dzyinH,careful
罧,s.rəmʔ-s,shèn,srimH,to trap fish in a maze of sticks
葚,sə.dəmʔ,shèn,zyimX,mulberry fruit
甥,s.reŋ,shēng,sraeng,SiSo or SiDa; DaHu
生,sreŋ,shēng,sraeng,"bear, be born; live"
生,sreŋ,shēng,sraeng,"fresh, raw"
生,sreŋ,shēng,srjaeng,"bear, be born; live"
勝,C-ləŋ,shēng,sying,"equal to, capable of"
升,s-təŋ,shēng,sying,1/10th of a dǒu 斗
升,s-təŋ,shēng,sying,rise (v.)
陞,s-təŋ,shēng,sying,rise (v.)
聲,C-leŋ,shēng,syeng,sound (n.)
繩,Cəm.rəŋ,shéng,zying,"string, cord"
盛,deŋs,shèng,dzyengH,"full, abundant"
勝,C-ləŋs,shèng,syingH,overcome; surpass
聖,C-leŋs,shèng,syengH,sage (n.)
剩,Cə.ləŋs,shèng,zyingH,left over
乘,Cə.ləŋs,shèng,zyingH,vehicle
乘,Cə.ləŋs,shèng,zyingH,team of four horses
師,srij,shī,srij,army
師,srij,shī,srij,master
蝨,srik,shī,srit,louse
詩,s.tə,shī,syi,poetry
尸,C-ləj,shī,syij,corpse
屍,C-ləj,shī,syij,corpse
蓍,s-kij,shī,syij,Achillea (?)
濕,qʰip,shī,syip,to flap (sc. the ears)
溼,s-qʰip,shī,syip,low wet ground
失,C-lit,shī,syit,lose
施,C-laj,shī,sye,"give, bestow"
時,də,shí,dzyi,time
拾,dəp,shí,dzyip,"pick up, gather"
十,t.gəp,shí,dzyip,ten
什,t.gəp,shí,dzyip,troop of ten men
石,dAk,shí,dzyek,stone
識,s-tək,shí,syik,know
食,mə.lək,shí,zyik,eat
蝕,mə.lək,shí,zyik,(eat:) eclipse
實,mə.lit,shí,zyit,fruit; full
史,srəʔ,shǐ,sriX,scribe
使,srəʔ,shǐ,sriX,send; cause
使,srəʔ-s,shǐ,sriH,envoy
始,C-ləʔ,shǐ,syiX,begin
𦳊,qʰijʔ,shǐ,syijX,excrement
屎,qʰijʔ,shǐ,syijX,excrement
矢,C-lijʔ,shǐ,syijX,arrow
豕,C-lajʔ,shǐ,syeX,swine
士,m-srəʔ,shì,dzriX,officer; gentleman
仕,m-srəʔ,shì,dzriX,serve
事,m-srəʔ-s,shì,dzriH,"serve; service, affair"
柿,dzrijʔ,shì,dzrijX,persimmon
市,C.dəʔ,shì,dzyiX,market (n.)
恃,dəʔ,shì,dzyiX,depend on
侍,dəʔ-s,shì,dzyiH,"accompany, wait upon"
視,gijʔ,shì,dzyijX,"look, see"
嗜,gijs,shì,dzyijH,enjoy
視,gijʔ-s,shì,dzyijH,"look, see"
是,deʔ,shì,dzyeX,this
氏,k.deʔ,shì,dzyeX,clan
誓,dats,shì,dzyejH,swear
筮,dets,shì,dzyejH,divine by Achillea stalks
逝,dats,shì,dzyejH,go to
噬,dets,shì,dzyejH,bite (v.)
奭,qʰrAk,shì,syek,red
試,C-ləks,shì,syiH,"test, try"
弒,C-ləks,shì,syiH,assassinate
式,C-lək,shì,syik,pattern
式,C-lək,shì,syik,to wipe
拭,C-lək,shì,syik,to wipe
飾,C-lək,shì,syik,adorn
室,s.tit,shì,syit,chamber; house
貰,C-laps,shì,syejH,"lend, borrow"
世,C-laps,shì,syejH,generation
埶,C-ŋets,shì,syejH,circumstances; setting
勢,C-ŋets,shì,syejH,"circumstances, setting"
螫,C-lAk,shì,syek,sting (v.)
襫,qʰrAk,shì,syek,raincoat of straw
𥼶,C-lAk,shì,syek,wash rice
釋,C-lAk,shì,syek,release; dissolve
檡,C-lAk,shì,syek,spec. of jujube tree
適,s-tek,shì,syek,scared
適,s-tek,shì,syek,go to
戠,tək,shì,tsyik,adhere (?)
適,tek,shì,tsyek,go to
奭,qʰrək,shì,xik,red
示,s-gijʔ-s,shì,zyijH,show (v.)
舓,Cə.leʔ,shì,zyeX,to lick
舐,Cə.leʔ,shì,zyeX,lick
收,s-kiw,shōu,syuw,collect; harvest
首,C-luʔ,shǒu,syuwX,head
手,C-nuʔ,shǒu,syuwX,hand
守,s-tuʔ,shǒu,syuwX,"keep, guard"
首,C-luʔ-s,shǒu,syuwH,turn the head towards
壽,N-tuʔ,shòu,dzyuwX,longevity
受,duʔ,shòu,dzyuwX,receive
壽,N-tuʔ-s,shòu,dzyuwH,longevity
授,duʔ-s,shòu,dzyuwH,give; hand over
瘦,srus,shòu,srjuwH,lean (adj.)
守,s.tuʔ-s,shòu,syuwH,"territory in somebody's guard, fief"
狩,s.tuʔ-s,shòu,syuwH,to hunt
獸,s.tʰuʔ-s,shòu,syuwH,(wild) animal
樞,qˤro,shū,'uw,a kind of elm
殊,do,shū,dzyu,die; different
殳,do,shū,dzyu,a kind of lance
淑,diwk,shū,dzyuwk,"fine, good"
倏,liwk,shū,dzyuwk,"rapid, sudden"
梳,sra,shū,srjo,comb
疋,sra,shū,srjo,foot
疏,sra,shū,srjo,wide apart
疎,sra,shū,srjo,wide apart
蔬,sra,shū,srjo,"vegetable, grain"
紓,C-la,shū,syo,leisurely
舒,C-la,shū,syo,"slow, easy"
書,s-ta,shū,syo,write
輸,C-lo,shū,syu,convey (v.); lose
菽,s-tʰuk,shū,syuwk,"pulse, beans"
叔,s-tiwk,shū,syuwk,"gather, harvest"
叔,s-tiwk,shū,syuwk,3rd of 4 brothers
尗,s.tuk,shū,syuwk,"pulse, beans"
攄,Cra,shū,trhjo,extend
樞,t.qʰro,shū,tsyhu,pivot
抒,Cə.laʔ,shū,zyoX,remove (v.)
紓,Cə.laʔ,shū,zyoX,to be remiss
孰,duk,shú,dzyuwk,who
熟,duk,shú,dzyuwk,"cooked, ripe"
贖,Cə.lok,shú,zyowk,redeem
秫,m.lut,shú,zywit,glutinous millet
署,m-taʔ-s,shǔ,dzyoH,to place; position
屬,N-tok,shǔ,dzyowk,be attached to
蜀,dok,shǔ,dzyowk,caterpillar; Shu [place name]
數,sroʔ,shǔ,srjuX,count (v.)
鼠,C-laʔ,shǔ,syoX,rat
癙,C-laʔ,shǔ,syoX,hidden suffering
暑,s-tʰaʔ,shǔ,syoX,heat
黍,s-tʰaʔ,shǔ,syoX,"Panicum miliaceum, glutinous"
豎,doʔ,shù,dzyuX,palace attendant; young man
樹,m-toʔ,shù,dzyuX,plant (v.); place upright
尌,m-toʔ-s,shù,dzyuH,"raise, stand up v.t."
樹,m-toʔ-s,shù,dzyuH,tree
數,sroʔ-s,shù,srjuH,number (n.)
漱,sroks,shù,srjuwH,wash
恕,C-nas,shù,syoH,indulgent
庶,s-taks,shù,syoH,numerous; commoner
束,s-tʰok,shù,syowk,bind; bundle
戍,C-nos,shù,syuH,guard (v.)
術,Cə.lut,shù,zywit,technique
述,Cə.lut,shù,zywit,follow
鉥,Cə.lut,shù,zywit,needle; lead
刷,srot,shuā,srjwet,brush (v.)
刷,srot,shuā,srwaet,brush (v.)
衰,sruj,shuāi,srwij,"diminish, decline"
率,sruts,shuài,srwijH,lead (v.); commander
帥,sruts,shuài,srwijH,leader (of an army)
率,srut,shuài,srwit,"follow, go along"
蟀,srut,shuài,srwit,蟋蟀 cricket
雙,sroŋ,shuāng,sraewng,a pair
霜,sraŋ,shuāng,srjang,hoar-frost
誰,duj,shuí,dzywij,who
水,s.turʔ,shuǐ,sywijX,water; river
睡,dojs,shuì,dzyweH,doze off
帨,C-lots,shuì,sywejH,kerchief
税,C-lots,shuì,sywejH,tax
説,C-lots,shuì,sywejH,exhort
帨,s.C-lots,shuì,tshjwejH,kerchief
楯,Cə.lunʔ,shǔn,zywinX,shield
舜,s.tuns,shùn,sywinH,Hibiscus
順,Cə.luns,shùn,zywinH,follow; obey
説,C-lot,shuō,sywet,"speak, explain"
碩,dAk,shuò,dzyek,"great, stately"
數,srok,shuò,sraewk,frequently
朔,s-ŋrak,shuò,sraewk,1st day of month
爍,Crewk,shuò,syak,"melt, infuse"
爍,Crewk,shuò,syak,shine (v.)
鑠,Crewk,shuò,syak,"melt, infuse"
嘶,sˤe,sī,sej,shriek
思,sə,sī,si,think
絲,sə,sī,si,silk
司,s-lə,sī,si,superintend
私,səj,sī,sij,private
斯,se,sī,sje,split (v.)
斯,se,sī,sje,this
虒,s.le,sī,sje,(place name)
𩆵,ser,sī,sje,light rain
斯,se,sī,sje,斯須 a short time
死,sijʔ,sǐ,sijX,die (v.)
肆,s-ləps,sì,sijH,unrestrained
四,s.lijs,sì,sijH,four
駟,s.lijs,sì,sijH,team of four horses
巳,s-ɢəʔ,sì,ziX,6th earthly branch
祀,s-ɢəʔ,sì,ziX,sacrifice; year
禩,s.ɢəʔ,sì,ziX,sacrifice; year
耜,sə.ləʔ,sì,ziX,plowshare; to plow
似,sə.ləʔ,sì,ziX,resemble
寺,s-dəʔ-s,sì,ziH,hall
食,s-m-ləks,sì,ziH,feed (v.)
飤,s-m-ləks,sì,ziH,feed (v.)
飼,s-m-ləks,sì,ziH,feed (v.)
嗣,sə.ləs,sì,ziH,"succeed, inherit"
兕,s.ɢijʔ,sì,zijX,rhinoceros (or water buffalo?)
俟,s-ɢrəʔ,sì,zriX,wait
俟,s.ɢrəʔ,sì,zriX,move on
嵩,suŋ,sōng,sjuwng,high
崧,suŋ,sōng,sjuwng,high
松,sə.ɢoŋ,sōng,zjowng,pine (n.)
宋,sˤuŋs,sòng,sowngH,(place name)
送,sˤoŋs,sòng,suwngH,"escort (v.), send"
頌,s-ɢoŋs,sòng,zjowngH,praise
訟,s.ɢoŋs,sòng,zjowngH,litigate
誦,sə.loŋs,sòng,zjowngH,recite
搜,sru,sōu,srjuw,search
叟,sruʔ,sǒu,suwX,old man
叜,sruʔ,sǒu,suwX,old man
傁,sruʔ,sǒu,suwX,old man
嗽,sˤoks,sòu,suwH,cough
蘇,s-ŋˤa,sū,su,revive
穌,s.ŋˤa,sū,su,gather into sheaves (Shuōwén)
俗,s-ɢok,sú,zjowk,"ways, customs; vulgar"
粟,sok,sù,sjowk,grain (rice or millet) in husk
宿,suk,sù,sjuwk,spend the night
夙,suk,sù,sjuwk,early morning
肅,siwk,sù,sjuwk,"solemn, severe"
肅,siwk,sù,sjuwk,contract (v.); shrivel
肅,siwk,sù,sjuwk,present (v.)
肅,siwk,sù,sjuwk,beat (v.)
肅,siwk,sù,sjuwk,eager; swift
素,sˤaks,sù,suH,white silk
愬,s-ŋˤaks,sù,suH,"complain, accuse"
𧪜,s-ŋˤaks,sù,suH,"complain, accuse"
遡,s-ŋˤaks,sù,suH,go against the current
㴑,s-ŋˤaks,sù,suH,go against current
泝,s-ŋˤaks,sù,suH,go against current
訴,s-ŋˤaks,sù,suH,"complain, accuse"
速,sˤok,sù,suwk,invite
速,sˤok,sù,suwk,rapid
酸,sˤor,suān,swan,sour
蒜,sˤors,suàn,swanH,garlic
算,sˤorʔ-s,suàn,swanH,calculate; tally
祘,sˤorʔ-s,suàn,swanH,calculate
雖,s-qʷij,suī,swij,although; even if
隋,lˤojʔ,suí,dwaX,to fall
綏,s.nuj,suí,swij,comfort (v.)
隋,sə.loj,suí,zjwe,(place name)
隨,sə.loj,suí,zjwe,follow
髓,s-lojʔ,suǐ,sjweX,marrow
瀡,s-lojs,suǐ,sjweH,slippery
誶,m-tsut,suì,dzwit,reprimand; insult
隋,s-lojs,suì,sjweH,shred sacrificial meat
歲,s-qʰʷats,suì,sjwejH,year
祟,s-luts,suì,swijH,"evil forces, noxious influences"
誶,s-tsuts,suì,swijH,reprimand; insult
碎,s-tsʰˤuts,suì,swojH,break
𥝩,s.ɢʷits,suì,zwijH,ear of grain
穟,s.ɢʷits,suì,zwijH,ear of grain
穗,s.ɢʷits,suì,zwijH,ear of grain
遂,sə.luts,suì,zwijH,advance (v.)
隧,sə.luts,suì,zwijH,"tunnel, path"
檖,sə.luts,suì,zwijH,a kind of pear tree
孫,sˤun,sūn,swon,grandchild; descendant
飧,sˤur,sūn,swon,evening meal
隼,surʔ,sǔn,swinX,"hawk, falcon"
筍,s-qʷinʔ,sǔn,swinX,bamboo sprouts
損,s-qˤʷənʔ,sǔn,swonX,"diminish, damage"
娑,sˤaj,suō,sa,"婆娑 saunter, dance"
縮,sruk,suō,srjuwk,shrink
蓑,sˤoj,suō,swa,raincoat of straw of rush
索,sˤak,suǒ,sak,twist a rope
索,sˤak,suǒ,sak,search (v.)
所,s-qʰraʔ,suǒ,srjoX,place (n.); that which
鎖,sˤojʔ,suǒ,swaX,chain
瑣,sˤojʔ,suǒ,swaX,chain
瑣,sˤojʔ,suǒ,swaX,"small, fragment"
鏁,sˤojʔ,suǒ,swaX,chain
所,qʰaʔ,suǒ,xuX,所所 = 許許 = 滸滸 sound of hewing wood
它,C-lˤaj,tā,tha,another
他,C-lˤaj,tā,tha,another
獺,Cˤrat,tǎ,that,otter
獺,m-Cˤrat,tǎ,trhaet,otter
蹋,lˤap,tà,dap,tread on; trample
沓,mˤrəp,tà,dop,"join, unite"
眔,mˤrəp,tà,dop,reach to; and
遝,mˤrəp,tà,dop,reach to; and
𦍒,C-lˤat,tà,that,lamb
胎,C-lˤə,tāi,thoj,fetus
臺,lˤə,tái,doj,tower
泰,C-lˤats,tài,thajH,great
太,C-lˤats,tài,thajH,great
態,C-nˤəs,tài,thojH,"bearing, manner"
歎,C-nˤar,tān,than,to sigh
灘,C-nˤar,tān,than,foreshore
嘽,tʰˤar,tān,than,numerous
嘽,tʰˤar,tān,than,exhausted
嘽,tʰˤar,tān,than,many
探,C-lˤəm,tān,thom,put the hand into and test
貪,Cˤrəm,tān,thom,to covet
談,lˤom,tán,dam,speak
彈,Cə.dˤar,tán,dan,shoot pellets
壇,dˤan,tán,dan,altar
彈,dˤar,tán,dan,shoot pellets
覃,N.rˤom,tán,dom,"extend, spread"
潭,lˤəm,tán,dom,"deep, pond"
坦,tʰˤanʔ,tǎn,thanX,"level, at ease"
醓,C-lˤəmʔ,tǎn,thomX,minced meat and blood pickled with brine
炭,tʰˤans,tàn,thanH,"charcoal, coal"
嘆,C-nˤars,tàn,thanH,sigh
湯,C-lˤaŋ,tāng,thang,hot liquid
唐,Cˤraŋ,tāng,thang,name of first Shang ruler
湯,Cˤraŋ,tāng,thang,(proper name:) founder of Shāng dynasty
康,Cˤraŋ,tāng,thang,name of first Shang ruler
鏜,tʰˤaŋ,tāng,thang,sound of drum
糖,C.lˤaŋ,táng,dang,sugar
餳,C.lˤaŋ,táng,dang,sweets
唐,Nˤraŋ,táng,dang,exaggerate; great
棠,N.rˤaŋ,táng,dang,a kind of pear tree (Pyrus)
唐,N.rˤaŋ,táng,dang,棠棣 cherry tree
堂,dˤaŋ,táng,dang,hall
塘,m.rˤaŋ,táng,dang,"dam, dike"
儻,tʰˤaŋʔ,tǎng,thangX,"easy-going, careless"
攩,tʰˤaŋʔ,tǎng,thangX,beat
饕,tʰˤaw,tāo,thaw,饕餮 thaw.thet glutton
滔,C-lˤu,tāo,thaw,rushing water
桃,C.lˤaw,táo,daw,peach
鞀,dˤaw,táo,daw,small drum
匋,lˤu,táo,daw,kiln; pottery
逃,lˤaw,táo,daw,flee
討,tʰˤuʔ,tǎo,thawX,examine; denounce
犆,dˤək,tè,dok,single
特,dˤək,tè,dok,bull
忒,C-lˤək,tè,thok,err; change; deceitful
慝,C-nˤək,tè,thok,evil
縢,lˤəŋ,téng,dong,tie; band
騰,lˤəŋ,téng,dong,to mount; oppress
睇,C-lˤəj,tī,thej,look at
梯,C-lˤəj,tī,thej,stairs
剔,C-lˤek,tī,thek,cut (v.)
嗁,C.lˤe,tí,dej,cry; weep
啼,C.lˤe,tí,dej,"weep, howl"
提,dˤe,tí,dej,"lift, grasp"
荑,lˤəj,tí,dej,young shoot
體,Cˤrijʔ,tǐ,thejX,body; limbs
嚏,tˤits,tì,tejH,sneeze
涕,C-lˤəjʔ,tì,thejX,tears (n.)
洟,C-lˤəjs,tì,thejH,mucus from the nose
涕,C-lˤəjʔ-s,tì,thejH,tears (n.)
剔,C-lˤeks,tì,thejH,shave
薙,C-lˤijs,tì,thejH,clear weeds
替,C-nˤits,tì,thejH,discard
惕,C-lˤek,tì,thek,"anxious, worried"
添,C-lˤim,tiān,them,add
天,C-lˤin,tiān,then,heaven
吞,C-lˤən,tiān,then,(surname)
填,dˤin,tián,den,obstruct; embankment
田,lˤiŋ,tián,den,field; to hunt
畋,lˤiŋ,tián,den,hunt
殄,dˤənʔ,tiǎn,denX,cease; destroy
舔,C-lˤimʔ,tiǎn,themX,"to lick, to lap [not in GSR]"
忝,C-lˤimʔ,tiǎn,themX,disgrace (v.)
忝,C-lˤimʔ-s,tiǎn,themH,disgrace
腆,tʰˤənʔ,tiǎn,thenX,"thick, ample"
挑,C-lˤew,tiāo,thew,"scratch, stir up"
調,dˤiw,tiáo,dew,"tune (v.), adjust"
條,lˤiw,tiáo,dew,arrange
條,lˤiw,tiáo,dew,"branch (n.), shoot (n.)"
窕,lˤewʔ,tiǎo,dewX,窈窕 beautiful
挑,lˤewʔ,tiǎo,dewX,provoke
跳,lˤew,tiào,dew,jump
眺,C-lˤews,tiào,thewH,look from a distance
貼,tʰˤep,tiē,thep,paste (v.) [not in GSR]
怗,tʰˤep,tiē,thep,"submit, peaceful"
鐵,C-lˤik,tiě,thet,iron
餮,tʰˤət,tiè,thet,饕餮 thaw.thet glutton
聽,C-lˤeŋ,tīng,theng,listen
汀,tʰˤeŋ,tīng,theng,level land beside water
停,Cə.dˤeŋ,tíng,deng,to stop
廷,lˤeŋ,tíng,deng,courtyard
亭,m-tˤeŋ,tíng,deng,manage
𡈼,C-lˤeŋʔ,tǐng,thengX,good (Shuōwén)
挺,C-lˤeŋʔ,tǐng,thengX,stand up straight
町,tʰˤeŋʔ,tǐng,thengX,then(g)X.thwanX 'trampled (field)
聽,C-lˤeŋs,tìng,thengH,listen to; obey
通,C-lˤoŋ,tōng,thuwng,penetrate
彤,Nˤrum,tóng,downg,red
童,dˤoŋ,tóng,duwng,boy
銅,lˤoŋ,tóng,duwng,"bronze, copper"
同,lˤoŋ,tóng,duwng,"together, join"
筒,lˤoŋ,tǒng,duwng,tube
桶,C-lˤoŋʔ,tǒng,thuwngX,bucket
慟,dˤoŋʔ-s,tòng,duwngH,grieved
痛,C-lˤoŋs,tòng,thuwngH,to be pained
偷,C-lˤo,tōu,thuw,steal
投,dˤo,tóu,duw,throw
頭,m-tˤo,tóu,duw,head
突,m-tʰˤut,tū,dwot,burst through
禿,tʰˤok,tū,thuwk,bald
突,tʰˤut,tū,thwot,break through; suddenly
屠,dˤa,tú,du,butcher (v.)
瘏,dˤa,tú,du,"fatigued, disabled"
徒,dˤa,tú,du,go on foot
圖,dˤa,tú,du,consider
涂,lˤa,tú,du,path
途,lˤa,tú,du,road
塗,lˤa,tú,du,to plaster
塗,lˤa,tú,du,road
腯,lˤut,tú,dwot,fat
稌,C-lˤa,tú,thu,glutinous rice
土,tʰˤaʔ,tǔ,thuX,earth
吐,tʰˤaʔ,tǔ,thuX,"eject from mouth, spit"
兔,C-lˤas,tù,thuH,"rabbit, hare"
吐,tʰˤaʔ-s,tù,thuH,vomit
湍,tʰˤor,tuān,thwan,rushing water
團,C.dˤon,tuán,dwan,"round, plenty"
摶,dˤon,tuán,dwan,round; make round
畽,tʰˤonʔ,tuǎn,thwanX,then(g)X.thwanX 'trampled (field)
彖,C-lˤors,tuàn,thwanH,running pig
推,tʰˤuj,tuī,thwoj,push away
隤,Nˤruj,tuí,dwoj,exhausted
蜕,C-lˤots,tuì,thwajH,exuviae of insects or reptiles
退,C-nˤups,tuì,thwojH,withdraw (≠ advance)
吞,C-lˤən,tūn,thon,to swallow
焞,tʰˤur,tūn,thwoj,ample
焞,tʰˤur,tūn,thwon,ample
焞,tʰˤur,tūn,thwon,dim starlight
屯,dˤun,tún,dwon,accumulate
𡱂,dˤən,tún,dwon,buttocks
豚,lˤun,tún,dwon,young pig
𢄉,lˤun,tún,dwon,young pig
脱,lˤots,tuō,dwajH,"easy, leisurely"
脱,lˤot,tuō,dwat,remove outer covering
佗,C-lˤaj,tuō,tha,other
拖,C-lˤaj,tuō,tha,"draw, pull"
託,tʰˤak,tuō,thak,entrust
捝,C-lˤot,tuō,thwat,"peel off, take off"
脱,mə.C-lˤot,tuō,thwat,peel off
驒,dˤar,tuó,da,bluish-black horse with white spots
鼉,dˤar,tuó,da,alligator
紽,lˤaj,tuó,da,bundle of threads
沱,lˤaj,tuó,da,flow (v.)
鼉,dˤar,tuó,dan,alligator
驒,tˤer,tuó,ten,驒騱 a kind of wild horse
橐,tʰˤak,tuó,thak,sack; bellows
隋,C-lˤojʔ,tuǒ,thwaX,shred sacrificial meat
橢,C-lˤojʔ,tuǒ,thwaX,oval
妥,C-nˤojʔ,tuǒ,thwaX,at ease
汙,qˤrʷa,wā,'wae,impure
污,qˤrʷa,wā,'wae,"impure, vile"
鼃,qˤrʷe,wā,'wae,frog
鼃,qˤrʷe,wā,'wea,frog
蛙,qˤrʷe,wā,'wea,frog
鼃,m-qˤrʷe,wā,hwae,frog
鼃,m-qˤrʷe,wā,hwea,frog
瓦,C.ŋˤrʷajʔ,wǎ,ngwaeX,roof tile
韈,C.mat,wà,mjot,stockings
咼,kˤrʷajʔ,wāi,kwaeX,cut meat from the bone
外,ŋˤʷats,wài,ngwajH,outside
芄,ɢˤʷar,wán,hwan,Metaplexis japonica
丸,ɢˤʷar,wán,hwan,pellet; ball
完,ɢˤon,wán,hwan,finish (v.)
丸,Cˤʷar,wán,hwan,烏丸 Wūhuán: Avars (W. Hàn)
婉,ʔonʔ,wǎn,'jwonX,beautiful
夗,ʔorʔ,wǎn,'jwonX,turn over in bed
宛,ʔorʔ,wǎn,'jwonX,curved; to bend
晚,morʔ,wǎn,mjonX,late
蔓,C.mans,wàn,mjonH,creep; creeping plant
萬,C.mans,wàn,mjonH,"10,000"
玩,ŋˤons,wàn,ngwanH,plaything
翫,ŋˤons,wàn,ngwanH,familiar with
汪,qˤʷaŋ,wāng,'wang,vast; pool
尪,qˤʷaŋ,wāng,'wang,emaciated
王,ɢʷaŋ,wáng,hjwang,king
亡,maŋ,wáng,mjang,flee; disappear; die
忘,maŋ,wáng,mjang,forget
枉,qʷaŋʔ,wǎng,'jwangX,crooked; depraved
往,ɢʷaŋʔ,wǎng,hjwangX,go to
罔,maŋʔ,wǎng,mjangX,net
網,maŋʔ,wǎng,mjangX,net
惘,maŋʔ,wǎng,mjangX,dejected
网,maŋʔ,wǎng,mjangX,net
迋,ɢʷaŋʔ,wàng,hjwangX,frighten
王,ɢʷaŋs,wàng,hjwangH,be king
迋,ɢʷaŋʔ-s,wàng,hjwangH,go
望,maŋ,wàng,mjang,look at from a distance
妄,maŋs,wàng,mjangH,reckless
忘,maŋs,wàng,mjangH,forget
望,maŋs,wàng,mjangH,look at from a distance
威,ʔuj,wēi,'jw+j,awe-inspiring
委,qroj,wēi,'jwe,"委蛇 compliant, complaisant"
崴,ʔˤruj,wēi,'weaj,"cliffy, high"
隈,ʔˤuj,wēi,'woj,"bend, nook (n.)"
微,məj,wēi,mj+j,small
巍,N-qʰuj,wēi,ngjw+j,"high, majestic"
危,ŋroj,wēi,ngjwe,in danger
韋,ɢʷəj,wéi,hjw+j,leather
韋,ɢʷəj,wéi,hjw+j,go against
違,ɢʷəj,wéi,hjw+j,go against
圍,ɢʷəj,wéi,hjw+j,surround
為,ɢrʷaj,wéi,hjwe,"make, do, act as"
帷,ɢrʷij,wéi,hwij,curtain
魏,N-qʰuj,wéi,ngjw+j,"high, majestic"
嵬,N-qʰˤuj,wéi,ngwoj,high and rocky
嵬,N-qʰˤujʔ,wéi,ngwojX,high and rocky
壝,ɢruj,wéi,ywij,low wall
唯,ɢʷij,wéi,ywij,only
惟,ɢʷij,wéi,ywij,(copula); namely
維,ɢʷij,wéi,ywij,rope for tying
委,qrojʔ,wěi,'jweX,entrust to
委,qrojʔ,wěi,'jweX,collect; store
委,qrorʔ,wěi,'jweX,bend; hang down
骫,qrʷarʔ,wěi,'jweX,bent (of bones)
煒,ɢʷəjʔ,wěi,hjw+jX,bright
韡,ɢʷəjʔ,wěi,hjw+jX,brilliant (flowers)
洧,ɢrʷəʔ,wěi,hwijX,name of a river
鮪,ɢrʷəʔ,wěi,hwijX,sturgeon
尾,məjʔ,wěi,mj+jX,tail
亹,mərʔ,wěi,mj+jX,diligent
偽,N-ɢrʷajs,wěi,ngjweH,false
偽,m-ɢrʷajs,wěi,ngjweH,falsify; deceive
諉,nrojs,wěi,nrjweH,implicate
畏,ʔujs,wèi,'jw+jH,fear (v.); threaten
㷉,ʔuts,wèi,'jw+jH,dominate
慰,ʔuts,wèi,'jw+jH,"comfort, soothe (v.)"
蔚,ʔuts,wèi,'jw+jH,Artemisia
胃,ɢʷəts,wèi,hjw+jH,stomach
謂,ɢʷəts,wèi,hjw+jH,"say, tell, call"
蝟,ɢʷəts,wèi,hjw+jH,porcupine
為,ɢrʷajs,wèi,hjweH,"for, because"
衛,ɢrʷats,wèi,hjwejH,to guard
位,ɢrʷəps,wèi,hwijH,"standing, position"
未,məts,wèi,mj+jH,not yet
未,məts,wèi,mj+jH,8th earthly branch
味,məts,wèi,mj+jH,taste (n.)
魏,N-qʰujs,wèi,ngjw+jH,high
遺,ɢrujs,wèi,ywijH,to present
𥁕,ʔˤun,wēn,'won,kind (adj.)
温,ʔˤun,wēn,'won,warm; gentle
蚉,C.mər,wén,mjun,mosquito
蚊,C.mər,wén,mjun,mosquito
聞,mun,wén,mjun,hear (v.)
文,mən,wén,mjun,ornate
眼,ŋˤənʔ,wěn,ngonX,protrude as a knob
問,C.muns,wèn,mjunH,ask
翁,qˤoŋ,wēng,'uwng,old man (Han?)
瓮,qˤoŋs,wèng,'uwngH,earthen jar
甕,qˤoŋs,wèng,'uwngH,earthen jar
蝸,k.rˤoj,wō,kwae,snail
我,ŋˤajʔ,wǒ,ngaX,"we, I"
渥,qˤrok,wò,'aewk,"moisten, smear"
擭,qˤrʷak,wò,'waek,catch (v.)
臥,ŋˤojs,wò,ngwaH,"lie down, sleep"
烏,ʔˤa,wū,'u,oh!
於,ʔˤa,wū,'u,oh!
洿,qˤʷa,wū,'u,impure
圩,qˤʷa,wū,'u,to plaster
烏,qˤa,wū,'u,"crow, raven; black"
烏,ʔˤa,wū,'u,"烏桓, 烏丸 Wūhuán: Avars (W. Hàn)"
屋,qˤok,wū,'uwk,house; roof
巫,C.mro,wū,mju,magician
誣,mro,wū,mju,deceive
蕪,mra,wú,mju,overgrown with weeds
無,ma,wú,mju,not have
無,ma,wú,mju,volitional prefix
无,ma,wú,mju,not have
無,mo,wú,mju,don’t
毋,mo,wú,mju,don't
吳,ŋˤʷa,wú,ngu,shout; name of a state
吾,ŋˤa,wú,ngu,"I, my"
舞,k.mraʔ,wǔ,mjuX,dance (v.)
儛,k.mraʔ,wǔ,mjuX,dance (v.)
武,mraʔ,wǔ,mjuX,military
侮,mroʔ,wǔ,mjuX,insult (v.)
五,C.ŋˤaʔ,wǔ,nguX,five
伍,C.ŋˤaʔ,wǔ,nguX,group of five
午,m.qʰˤaʔ,wǔ,nguX,7th earthly branch
午,m-qʰˤaʔ,wǔ,nguX,resist; cross-wise
惡,ʔˤaks,wù,'uH,hate (v.)
霧,kə.mroks,wù,mjuH,"fog, mist"
務,mros,wù,mjuH,exert oneself
物,C.mut,wù,mjut,thing
勿,mut,wù,mjut,don't
勿,mut,wù,mjut,not ... it
戊,mruʔ-s,wù,muwH,5th heavenly stem
誤,ŋˤʷas,wù,nguH,deceive; mistake
悟,ŋˤas,wù,nguH,"awake, realize"
寤,ŋˤas,wù,nguH,awake
晤,ŋˤaks,wù,nguH,go to meet
啎,ŋˤaks,wù,nguH,go against; oppose
遻,ŋˤaks,wù,nguH,meet unexpectedly
兀,ŋˤut,wù,ngwot,amputate the feet
奚,gˤe,xī,hej,"why, what"
奚,gˤe,xī,hej,"slave, servant"
蹊,gˤe,xī,hej,foot-path
兮,gˤe,xī,hej,(final particle)
溪,kʰˤe,xī,khej,valley with stream in it
谿,kʰˤe,xī,khej,valley with stream in it
屖,s-lˤəj,xī,sej,to tarry
西,s-nˤər,xī,sej,west
犀,s.lˤəj,xī,sej,rhinoceros
析,sˤek,xī,sek,split (v.)
晳,sˤek,xī,sek,"white, bright"
錫,s-lˤek,xī,sek,give
錫,s.lˤek,xī,sek,tin
息,sək,xī,sik,breathe
息,sək,xī,sik,"安息 Ānxī (Iranian country in the western regions, W. Hàn; from Aršaka = Arsaces, founder of the Arsacid dynasty)"
熄,sək,xī,sik,extinguish
悉,sit,xī,sit,completely
膝,s-tsik,xī,sit,knee
昔,sAk,xī,sjek,in the past
惜,sAk,xī,sjek,regret; alas
蟋,srit,xī,srit,蟋蟀 cricket
熹,qʰrə,xī,xi,shine
熙,qʰrə,xī,xi,splendor
噏,qʰrəp,xī,xip,"draw together (Laozi, one version)"
歙,qʰrəp,xī,xip,contract (v.)
吸,qʰrəp,xī,xip,inhale
希,qʰəj,xī,xj+j,"thin, sparse"
豨,qʰəj,xī,xj+j,swine
犧,C-ŋraj,xī,xje,sacrificial animal
羲,C-ŋraj,xī,xje,(proper name)
䖒,C-ŋrar,xī,xje,earthenware vessel (Shuōwén)
屎,qʰij,xī,xjij,moan
觿,qʰʷe,xī,xjwie,spike of horn or bone for opening knots
夕,s-ɢAk,xī,zjek,"evening, night"
騱,gˤe,xí,hej,驒騱 diānxí a kind of wild horse
隰,s-N-qip,xí,zip,"low, wet ground"
習,s-ɢʷəp,xí,zip,repeat; practice
襲,sə.ləp,xí,zip,repeat; additional robe
襲,sə.ləp,xí,zip,surprise attack
席,s-m-tAk,xí,zjek,mat
洗,sˤərʔ,xǐ,sejX,wash
洒,sˤərʔ,xǐ,sejX,wash
枲,s.ləʔ,xǐ,siX,hemp
徙,sajʔ,xǐ,sjeX,move (to)
璽,s.nerʔ,xǐ,sjeX,seal (n.)
灑,Cə.srərʔ,xǐ,srjeX,sprinkle (v.)
纚,sreʔ,xǐ,srjeX,hair-band
喜,qʰrəʔ,xǐ,xiX,joy; rejoice
狶,qʰəjʔ,xǐ,xj+jX,swine
豨,qʰəjʔ,xǐ,xj+jX,swine
系,m-kˤeks,xì,hejH,bind (v.)
繫,m-kˤeks,xì,hejH,attach; suspend
係,kˤeks,xì,kejH,tie (v.)
綌,kʰrak,xì,khjaek,coarse kudzu cloth
郤,kʰrak,xì,khjaek,(place and family name)
𡭴,kʰrak,xì,khjaek,crevice
隙,kʰrak,xì,khjaek,crack (n.)
細,sˤeks,xì,sejH,"small, minute"
潟,s-qʰAk,xì,sjek,salty soil
舄,s.qʰAk,xì,sjek,"slipper, shoe"
舄,s.qʰak,xì,tshjak,"slipper, shoe"
鬩,C-ŋˤek,xì,xek,wrangle
塈,qʰrəts,xì,xijH,to plaster
塈,qʰrəts,xì,xijH,collect (v.)
塈,qʰrəps,xì,xijH,rest (v.)
翕,qʰrəp,xì,xip,"united, harmonious"
翕,qʰrəp,xì,xip,draw in; inhale
塈,qʰrəts,xì,xj+jH,plaster (v.)
餼,qʰrəts,xì,xj+jH,gift of animals or grain
塈,qʰəts,xì,xj+jH,rest (v.)
氣,qʰəts,xì,xj+jH,to present food
虩,qʰrak,xì,xjaek,fear
戲,C-ŋrars,xì,xjeH,"sport, joke"
蝦,gˤra,xiā,hae,shrimp
瑕,gˤra,xiá,hae,"flaw, blemish"
遐,gˤra,xiá,hae,distant
騢,gˤra,xiá,hae,horse of mixed red and white color
匣,gˤrap,xiá,haep,box
柙,gˤrap,xiá,haep,cage; box
狎,gˤrap,xiá,haep,disrespectful
舝,gˤrat,xiá,haet,wheel-axle cap with linch-pin
轄,gˤrat,xiá,haet,wheel-axle cap with linch-pin
峽,N-kˤrep,xiá,heap,mountain pass (not in GSR)
狹,N-kˤrep,xiá,heap,narrow
黠,gˤrit,xiá,heat,shrewd
廈,gˤraʔ,xià,haeX,"house, room"
厦,gˤraʔ,xià,haeX,"house, room"
夏,ɢˤraʔ,xià,haeX,great
下,gˤraʔ,xià,haeX,down
暇,gˤras,xià,haeH,leisure
芐,gˤras,xià,haeH,"rush, sedge"
夏,gˤraʔ,xià,haeH,summer
下,m-gˤraʔ-s,xià,haeH,descend
嚇,qʰˤraks,xià,xaeH,frighten
蹮,sˤer,xiān,sen,蹁蹮 walk with difficulty (Shuōwén)
先,sˤər,xiān,sen,first
譣,s.qʰam,xiān,sjem,"insincere, ingratiating"
鮮,sar,xiān,sjen,fresh; good
仙,sar,xiān,sjen,immortal (n.)
僊,sar,xiān,sjen,immortal
鮮,sar,xiān,sjen,鮮卑 *s[a]r.pe Xiānbēi
天,C-lˤin,xiān,xen,heaven
銜,gˤram,xián,haem,a bit
鹹,Cə.gˤrom,xián,heam,salty
咸,gˤrəm,xián,heam,all; everywhere
間,N-kˤren,xián,hean,idle
閑,N-kˤren,xián,hean,idle
閑,gˤran,xián,hean,great; large-minded
閑,gˤran,xián,hean,well-trained
閑,gˤran,xián,hean,"bar, barrier"
瞷,m-kˤren,xián,hean,"spy on, watch"
嫌,N-kˤem,xián,hem,"doubt, doubtful"
賢,gˤin,xián,hen,worthy
弦,ɢˤin,xián,hen,string of bow or instrument
㳄,s-N-qar,xián,zjen,saliva (from envy?)
㳄,s-N-qar,xián,zjen,spittle
姺,sˤərʔ,xiǎn,sejX,(place name)
洗,sˤərʔ,xiǎn,senX,wash
鮮,serʔ,xiǎn,sjenX,"rare, few"
𤣔,s.nerʔ,xiǎn,sjenX,autumnal hunt
獮,s.nerʔ,xiǎn,sjenX,autumnal hunt
顯,qʰˤenʔ,xiǎn,xenX,"display, manifest"
險,qʰramʔ,xiǎn,xjaemX,"precipitous, dangerous"
險,qʰramʔ,xiǎn,xjemX,"precipitous, dangerous"
臽,ɢˤromʔ-s,xiàn,heamH,small pit
陷,ɢˤromʔ-s,xiàn,heamH,fall into a pit
限,gˤrənʔ,xiàn,heanX,"obstacle, limit"
俔,N-kˤenʔ,xiàn,henX,to be like
見,N-kˤens,xiàn,henH,appear
現,N-kˤens,xiàn,henH,appear
見,m-kˤens,xiàn,henH,"cause to appear, introduce"
縣,Cə.gˤʷens,xiàn,hwenH,district
獻,s-ŋˤar,xiàn,sa,to filter wine
霰,sˤers,xiàn,senH,sleet
𩆵,sˤers,xiàn,senH,sleet
先,sˤərs,xiàn,senH,go first
憲,qʰar,xiàn,xjonH,law; model; rule
獻,C-ŋars,xiàn,xjonH,"offer, present"
羨,s-N-qars,xiàn,zjenH,"covet, desire"
羨,s-ɢans,xiàn,zjenH,"surplus, affluence"
箱,C.saŋ,xiāng,sjang,box (of a carriage)
相,saŋ,xiāng,sjang,mutually
襄,s-naŋ,xiāng,sjang,remove
襄,s-naŋ,xiāng,sjang,Xiāng (personal name)
纕,s-naŋ,xiāng,sjang,"belt, sash; girth"
膷,qʰaŋ,xiāng,xjang,beef soup
皀,qʰaŋ,xiāng,xjang,fragrance
鄉,qʰaŋ,xiāng,xjang,village; district
薌,qʰaŋ,xiāng,xjang,fragrance
香,qʰaŋ,xiāng,xjang,fragrance
夅,m-kˤruŋ,xiáng,haewng,submit
降,m-kˤruŋ,xiáng,haewng,submit
庠,s-ɢaŋ,xiáng,zjang,school
翔,s.ɢaŋ,xiáng,zjang,fly back and forth; soar
詳,s.ɢaŋ,xiáng,zjang,scrutinize fully
祥,s.ɢaŋ,xiáng,zjang,auspicious
想,saŋʔ,xiǎng,sjangX,think
饟,C-naŋ,xiǎng,syang,bring food to
饟,C-naŋʔ,xiǎng,syangX,bring food to (workers in the field)
饟,C-naŋʔ-s,xiǎng,syangH,bring food to (workers in the field)
享,qʰˤraŋ,xiǎng,xaeng,penetrate
享,qʰaŋʔ,xiǎng,xjangX,offer in sacrifice; food offering
亨,qʰaŋʔ,xiǎng,xjangX,sacrificial offering
曏,C-naŋʔ,xiǎng,xjangX,a short time
鄉,qʰaŋʔ,xiǎng,xjangX,feast
饗,qʰaŋʔ,xiǎng,xjangX,feast
響,qʰaŋʔ,xiǎng,xjangX,echo
項,gˤroŋʔ,xiàng,haewngX,neck
巷,C.gˤroŋs,xiàng,haewngH,"lane, street"
相,saŋs,xiàng,sjangH,"appearance, quality"
向,C-naŋs,xiàng,xjangH,window facing North; turn towards
曏,C-naŋʔ-s,xiàng,xjangH,a short time
鄉,qʰaŋs,xiàng,xjangH,to face
嚮,qʰaŋs,xiàng,xjangH,"to face, approach"
橡,s-daŋʔ,xiàng,zjangX,acorn
象,s.daŋʔ,xiàng,zjangX,elephant
像,s.daŋʔ,xiàng,zjangX,image; resemble
鴞,ɢrʷaw,xiāo,hjew,鴟鴞 tsyhij.hjew owl
簫,sˤiw,xiāo,sew,pan-pipe
蕭,sˤiw,xiāo,sew,Artemisia
蕭,sˤiw,xiāo,sew,蕭蕭 neighing of horses
削,sewk,xiāo,sjak,"scrape, pare"
肖,sew,xiāo,sjew,disappear
宵,sew,xiāo,sjew,"night, evening"
消,sew,xiāo,sjew,dissolve; disappear
逍,sew,xiāo,sjew,be at ease
霄,sew,xiāo,sjew,sleet
小,sewʔ,xiǎo,sjewX,small
曉,qʰˤewʔ,xiǎo,xewX,understand
效,m-kˤraws,xiào,haewH,"imitate, follow"
斆,m-kˤruks,xiào,haewH,teach
嘯,sˤiwks,xiào,sewH,to wail
笑,s-laws,xiào,sjewH,to laugh
肖,sews,xiào,sjewH,resemble
削,sewks,xiào,sjewH,"scrape, pare"
孝,qʰˤruʔ-s,xiào,xaewH,filial
楔,s.qˤet,xiē,set,wedge put in teeth of corpse
歇,qʰat,xiē,xjot,"cease, rest (v.)"
鞵,gˤre,xié,hea,shoe
鞋,gˤre,xié,hea,shoe
劦,ɢˤep,xié,hep,with united forces
協,ɢˤep,xié,hep,in harmony
挾,m-kˤep,xié,hep,grasp
擷,m-kˤit,xié,het,tuck in skirts (v.)
偕,kˤrij,xié,keaj,together
挾,S-kˤep,xié,tsep,grasp
脅,qʰrep,xié,xjaep,"flank, side of the body"
邪,sə.ɢA,xié,zjae,awry
寫,s-qʰAʔ,xiě,sjaeX,depict
寫,s-qʰAʔ,xiě,sjaeX,drain off
瀉,s-qʰAʔ,xiě,sjaeX,to drain off
解,N-kˤreʔ,xiè,heaX,understand
解,N-kˤreʔ,xiè,heaX,=懈 lazy
蟹,m-kˤreʔ,xiè,heaX,crab
邂,gˤres,xiè,heaH,"邂逅 xièhòu carefree ((Odes 94.1–2, 118.2)"
械,m-kˤrəks,xiè,heajH,fetters; weapon
屧,s-lˤep,xiè,sep,bottom inlay in shoe
燮,s.qʰˤrip,xiè,sep,harmonious
屑,s-lˤit,xiè,set,"detail, trifle; fragment"
卸,s-qʰAʔ-s,xiè,sjaeH,to unload
絏,s-lat,xiè,sjet,"rope, fetters"
泄,s-lat,xiè,sjet,"leak, ooze"
褻,s-ŋet,xiè,sjet,garment next to the body
泄,lats,xiè,yejH,"leak, ooze"
謝,sə.lAks,xiè,zjaeH,"decline, renounce"
心,səm,xīn,sim,heart
辛,sin,xīn,sin,pungent; painful
薪,sin,xīn,sin,firewood
新,s.tsʰin,xīn,sin,new
辛,sin,xīn,sin,8th heavenly stem
馨,qʰˤeŋ,xīn,xeng,fragrance
歆,qʰrəm,xīn,xim,enjoy (fragrance)
昕,qʰər,xīn,xj+n,dawn
欣,qʰər,xīn,xj+n,rejoice
罧,s.rəmʔ,xǐn,simX,make a fish trap out of assembled sticks
囟,sərs,xìn,sinH,fontanel
信,s-niŋs,xìn,sinH,truthful
釁,C-mrərs,xìn,xinH,smear with blood
衅,C-mrərs,xìn,xinH,smear with blood
星,s-tsʰˤeŋ,xīng,seng,star
興,qʰrəŋ,xīng,xing,"lift, rise"
行,Cə.gˤraŋ,xíng,haeng,walk (v.)
行,gˤraŋs,xíng,haengH,action
邢,gˤeŋ,xíng,heng,Xíng (place name)
陘,gˤeŋ,xíng,heng,ravine
刑,ɢˤeŋ,xíng,heng,punish(ment)
刑,ɢˤeŋ,xíng,heng,"model, form"
形,ɢˤeŋ,xíng,heng,"form, shape"
硎,ɢˤeŋ,xíng,heng,whetstone
醒,s-tsʰˤeŋʔ,xǐng,sengX,wake up
省,seŋʔ,xǐng,sjengX,inspect
杏,C.gˤraŋʔ,xìng,haengX,apricot (tree)
荇,gˤraŋʔ,xìng,haengX,Limnanthemum nymphoides
幸,gˤreŋʔ,xìng,heangX,fortunate
姓,seŋs,xìng,sjengH,surname
性,seŋs,xìng,sjengH,nature
凶,qʰroŋ,xiōng,xjowng,unlucky
訩,qʰroŋ,xiōng,xjowng,litigate
兄,C-mraŋ,xiōng,xjwaeng,elder brother
熊,C.ɢrʷəm,xióng,hjuwng,bear (n.)
雄,ɢʷəŋ,xióng,hjuwng,male
修,s-liw,xiū,sjuw,adorn
脩,s-liw,xiū,sjuw,dried meat
羞,s-nu,xiū,sjuw,shame
休,qʰru,xiū,xjuw,rest (v.)
休,qʰru,xiū,xjuw,blessing
鵂,qʰru,xiū,xjuw,鴟鵂 tsyhij.xjuw owl
朽,qʰruʔ,xiǔ,xjuwX,"rot, decay"
秀,s-luʔ-s,xiù,sjuwH,to flower
繡,siwks,xiù,sjuwH,embroider
宿,suks,xiù,sjuwH,"""mansion"" of the zodiac (where the moon is found on successive nights)"
嗅,qʰuʔ-s,xiù,xjuwH,to smell (tr.)
袖,sə.lus,xiù,zjuwH,sleeve
虛,C.qʰra,xū,khjo,"hill, mound; abandoned city"
墟,C.qʰra,xū,khjo,"hill, mound; abandoned city"
須,Cs.no,xū,sju,beard
鬚,Cs.no,xū,sju,beard
須,so,xū,sju,斯須 a short time
需,s-no,xū,sju,wait
戌,s.mit,xū,swit,11th earthly branch
虛,qʰra,xū,xjo,empty
吁,qʰrʷa,xū,xju,pained
訏,qʰrʷa,xū,xju,great
邪,sə.la,xú,zjo,walk slowly
徐,sə.la,xú,zjo,walk slowly
湑,sraʔ,xǔ,sjoX,to strain (spirits)
許,qʰraʔ,xǔ,xjoX,place (n.)
許,qʰraʔ,xǔ,xjoX,allow
壻,sˤijs,xù,sejH,son-in-law
絮,s-nas,xù,sjoH,"raw silk, floss"
恤,s-mit,xù,swit,anxiety
訹,s-lut,xù,swit,entice
蓄,qʰruk,xù,trhjuwk,store (v.)
頊,qʰrok,xù,xjowk,disconcerted
畜,qʰuks,xù,xjuwH,domestic animal
畜,qʰuk,xù,xjuwk,nourish
蓄,qʰuk,xù,xjuwk,collect; store (n.)
稸,qʰuk,xù,xjuwk,store; harbor (feelings)
慉,qʰuk,xù,xjuwk,cherish
侐,C-miks,xù,xjwijH,"still, quiet"
淢,C-mrik,xù,xwik,channel; moat
洫,C-mrik,xù,xwik,channel; moat
侐,C-mrik,xù,xwik,"still, quiet"
序,sə.laʔ,xù,zjoX,walls at side of palace
緒,s-m-taʔ,xù,zjoX,arrange in order
敘,s-m-taʔ,xù,zjoX,order (v.)
續,sə.lok,xù,zjowk,continue
藚,sə.lok,xù,zjowk,Alisma plantago
亘,s-qʷar,xuān,sjwen,turn around
宣,s-qʷar,xuān,sjwen,spread (v.)
亘,sʷar,xuān,sjwen,阿會亘 ēhuìxuān: Skt. ābhāsvara ‘shining’ (E. Hàn)
軒,qʰar,xuān,xjon,nobleman's carriage
儇,qʰʷen,xuān,xjwien,"nimble, smart"
翾,qʰʷen,xuān,xjwien,fly about
塤,qʰon,xuān,xjwon,ocarina
諼,qʰʷar,xuān,xjwon,forget
吅,qʰʷar,xuān,xjwon,"clamor, shout"
諠,qʰʷar,xuān,xjwon,"clamor, shout"
駽,qʰˤʷen,xuān,xwen,bluish-black horse
誸,ɢˤin,xuán,hen,speak quickly
懸,N-kˤʷen,xuán,hwen,suspend
縣,gˤʷen,xuán,hwen,suspend
玄,ɢˤʷin,xuán,hwen,dark
㘣,s-ɢʷen,xuán,zjwen,compasses
旋,s-ɢʷen,xuán,zjwen,turn around; return
還,s-ɢʷen,xuán,zjwen,"turn around, return; agile"
癬,sarʔ,xuǎn,sjenX,ringworm
選,sonʔ,xuǎn,sjwenX,choose; count
選,sorʔ,xuǎn,sjwenX,count (v.)
喧,qʰʷar,xuǎn,xjwon,"clamor, shout"
咺,qʰʷarʔ,xuǎn,xjwonX,"brilliant, illustrious"
晅,qʰʷarʔ,xuǎn,xjwonX,to dry in the sun
烜,qʰʷarʔ,xuǎn,xjwonX,to dry in the sun
鞙,ɢˤʷenʔ,xuàn,hwenX,pure (of jade)
選,sonʔ-s,xuàn,sjwenH,"even, orderly"
駽,qʰˤʷens,xuàn,xwenH,bluish-black horse
絢,qʰˤʷins,xuàn,xwenH,"ornate, decorated"
旋,s-ɢʷens,xuàn,zjwenH,whorl of hair on the head
辥,s.ŋat,xuē,sjet,"to control, to correct, govern"
薛,s.ŋat,xuē,sjet,spec. of plant
薛,s.ŋat,xuē,sjet,(place name)
鷽,qˤruk,xué,'aewk,a kind of bird
學,m-kˤruk,xué,haewk,study; imitate
鷽,m-qˤruk,xué,haewk,a kind of bird
穴,ɢˤʷit,xué,hwet,"cave, pit"
雪,sot,xuě,sjwet,snow
謔,C-ŋrawk,xuè,xjak,"ridicule, jest (v.)"
烕,C-met,xuè,xjwiet,"extinguish, destroy"
血,C-mˤik,xuè,xwet,blood
葷,qʰun,xūn,xjun,Allium
熏,qʰun,xūn,xjun,"smoke (v.); vapor, odor"
薰,qʰun,xūn,xjun,Allium
薰,qʰʷər,xūn,xjun,"peaceful, harmonious"
壎,qʰon,xūn,xjwon,ocarina
燂,lˤom,xún,dom,to heat
荀,s.qʷin,xún,swin,spec. of plant; (proper name]
爓,sə.ləm,xún,zim,sacrifice of boiled meat
尋,sə.ləm,xún,zim,warm up
尋,sə.ləm,xún,zim,measure of 8 chǐ 尺
巡,sə.lun,xún,zwin,perambulate
旬,s-N-qʷin,xún,zwin,ten-day cycle
紃,s-dun,xún,zwin,silk cord
馴,sə.lun,xún,zwin,docile; gradually
循,sə.lun,xún,zwin,follow
訊,sins,xùn,sinH,ask
濬,s-qʷins,xùn,swinH,deep
訓,C-luns,xùn,xjunH,instruct
徇,s-ɢʷins,xùn,zwinH,go everywhere
殉,s.ɢʷins,xùn,zwinH,accompany in death
鴉,qˤra,yā,'ae,"raven, crow"
壓,ʔˤrep,yā,'aep,press down
押,ʔˤrep,yā,'aep,"to seal, stamp"
厭,ʔep,yā,'jiep,press (v.)
牙,m-ɢˤra,yá,ngae,tooth
芽,m-ɢˤra,yá,ngae,"shoot, sprout"
厓,ŋˤrar,yá,ngea,river bank; limit
崖,ŋˤrar,yá,ngea,river bank; limit
涯,ŋˤrar,yá,ngea,river bank; limit
邪,ɢrA,yá,yae,琅邪 (name of a mountain in Shāndōng)
啞,ʔˤraʔ,yǎ,'aeX,mute
雅,N-ɢˤraʔ,yǎ,ngaeX,"proper, refined"
雅,N-ɢˤraʔ,yǎ,ngaeX,kind of musical instrument
庌,N-qʰˤraʔ,yǎ,ngaeX,covered galleries
亞,ʔˤraks,yà,'aeH,secondary
軋,qˤrət,yà,'eat,crush
揠,ʔˤret,yà,'eat,pull up
迓,ŋˤraks,yà,ngaeH,meet
襾,qʰˤraʔ,yà,xaeX,cover
殷,ʔˤrər,yān,'ean,dark-red
烟,qˤin,yān,'en,"vapor, smoke"
煙,qˤin,yān,'en,smoke
咽,ʔˤin,yān,'en,gullet
淹,ʔrom,yān,'jem,"submerge, soak"
鄢,ʔran,yān,'jen,(place name)
焉,ʔan,yān,'jen,how
猒,ʔem,yān,'jiem,"satiate, satisfy"
厭,ʔem,yān,'jiem,contented (adj.)
鄢,ʔan,yān,'jon,(place name)
鄢,ʔanʔ,yān,'jonX,(place name)
焉,ʔan,yān,hjen,(3p locative pronoun)
炎,ɢrʷam,yán,hjem,"burn, blazing"
巖,ŋˤram,yán,ngaem,"rocky, lofty"
顏,C.ŋˤrar,yán,ngaen,"face, forehead"
顏,C.ŋˤrar,yán,ngaen,surname
妍,ŋˤer,yán,ngen,beautiful
研,ŋˤer,yán,ngen,grind; examine
硏,C.ŋˤers,yán,ngenH,inkstone
嚴,ŋram,yán,ngjaem,"stern, majestic"
言,ŋan,yán,ngjon,(a particle)
言,ŋan,yán,ngjon,"I, we"
言,ŋan,yán,ngjon,speak; speech
言,ŋar,yán,ngjon,tall
檐,Cə.ɢam,yán,yem,eaves
壛,Cə.ɢam,yán,yem,eaves
阽,lem,yán,yem,in danger of collapsing
檐,ɢam,yán,yem,temple gate
閻,ɢam,yán,yem,gate over street or lane
鹽,ɢrom,yán,yem,salt (n.)
羨,ɢan,yán,yen,extend; go forward
延,lan,yán,yen,extend
筵,lan,yán,yen,bamboo mat
沿,lon,yán,ywen,go along (a river); follow
奄,ʔromʔ,yǎn,'jemX,cover
㫃,qarʔ,yǎn,'jonX,fluttering streamer
偃,ʔanʔ,yǎn,'jonX,bend down
偃,ʔanʔ,yǎn,'jonX,Yǎn (ancient state in Shāndōng)
眼,ŋˤrənʔ,yǎn,ngeanX,eye
儼,ŋramʔ,yǎn,ngjaemX,dignified
巘,ŋrarʔ,yǎn,ngjenX,hill; hilltop
甗,ŋrars,yǎn,ngjenH,boiler
甗,ŋar,yǎn,ngjon,boiler
巘,ŋrarʔ,yǎn,ngjonX,hill; hilltop
剡,Nramʔ,yǎn,yemX,sharp; pierce
覃,Nramʔ,yǎn,yemX,"pointed, sharp"
衍,N-qranʔ,yǎn,yenX,overflow
演,N-qranʔ,yǎn,yenX,"flow out, extend"
晏,ʔˤrans,yàn,'aenH,"peace, rest"
鴳,ʔˤrars,yàn,'aenH,a kind of quail
晏,ʔˤens,yàn,'enH,rest (v.)
燕,ʔˤens,yàn,'enH,swallow (n.)
燕,ʔˤens,yàn,'enH,feast
宴,ʔˤens,yàn,'enH,feast (n.)
咽,ʔˤins,yàn,'enH,swallow (v.)
饜,ʔrems,yàn,'jemH,satiated
猒,ʔems,yàn,'jiemH,satisfaction
鴈,C.ŋˤrars,yàn,ngaenH,wild goose
雁,C.ŋˤrars,yàn,ngaenH,wild goose
硯,C.ŋˤers,yàn,ngenH,smooth stone; inkstone
驗,m-qʰrams,yàn,ngjemH,verify
讞,ŋrars,yàn,ngjenH,announce a verdict
諺,ŋrans,yàn,ngjenH,"saying, proverb"
彥,ŋrars,yàn,ngjenH,adornment
讞,ŋrat,yàn,ngjet,announce a sentence (of a court)
鬳,ŋars,yàn,ngjonH,boiler
爓,ɢoms,yàn,yemH,brightness
鹽,ɢroms,yàn,yemH,salt (v.)
央,ʔaŋ,yāng,'jang,end (v.)
央,ʔaŋ,yāng,'jang,center (n.)
殃,ʔaŋ,yāng,'jang,calamity
鴦,ʔaŋ,yāng,'jang,female mandarin duck
瘍,laŋ,yáng,yang,"sore, ulcer"
痒,ɢraŋ,yáng,yang,disease; suffer
昜,laŋ,yáng,yang,bright
陽,laŋ,yáng,yang,bright
揚,laŋ,yáng,yang,raise
颺,laŋ,yáng,yang,tossed by the wind
楊,laŋ,yáng,yang,poplar
鍚,laŋ,yáng,yang,ornament on a horse's forehead
洋,ɢraŋ,yáng,yang,'great expanse of water'
羊,ɢaŋ,yáng,yang,sheep
痒,s.ɢaŋ,yáng,zjang,disease; harm
仰,C.ŋaŋʔ,yǎng,ngjangX,"lift the face, look up"
癢,Cə.ɢaŋʔ,yǎng,yangX,itch
養,ɢraŋʔ,yǎng,yangX,"long, longing"
養,ɢaŋʔ,yǎng,yangX,"nourish, raise"
羕,ɢraŋʔ-s,yàng,yangH,long
幺,ʔˤiw,yāo,'ew,small (Shuōwén)
夭,ʔraw,yāo,'jew,"delicate, slender"
腰,ʔew,yāo,'jiew,waist
爻,N-kˤraw,yáo,haew,change; hexagram
肴,gˤraw,yáo,haew,food
堯,ŋˤew,yáo,ngew,high
䍃,law,yáo,yew,eartheware
窰,law,yáo,yew,kiln
傜,law,yáo,yew,public or military service
徭,law,yáo,yew,public or military service
媱,law,yáo,yew,merry
搖,law,yáo,yew,shake
謠,law,yáo,yew,sing; song
窈,ʔˤewʔ,yǎo,'ewX,'ewX-dewX hidden; deep
葯,qˤrewk,yào,'aewk,Iris leaves
要,qewks,yào,'jiewH,important
約,qewks,yào,'jiewH,"bond, agreement (n.)"
樂,ŋˤrawks,yào,ngaewH,cause to rejoice
藥,mrewk,yào,yak,medicinal plant
曜,lewks,yào,yewH,shine
燿,lewks,yào,yewH,shine
耀,lewks,yào,yewH,shine
噎,qˤik,yē,'et,choke
邪,ɢrA,yé,yae,(interrogative particle)
也,lAjʔ,yě,yaeX,(final particle)
野,lAʔ,yě,yaeX,open country
𡐨,lAʔ,yě,yaeX,open country
埜,lAʔ,yě,yaeX,open country
謁,qat,yè,'jot,go to visit
燁,ɢrʷəp,yè,hip,"shine, gleam"
爗,ɢrʷəp,yè,hip,"shine, gleam"
燁,ɢrʷap,yè,hjep,gleam
爗,ɢrʷap,yè,hjep,"shine, gleam"
業,m-qʰrap,yè,ngjaep,work (n.)
業,m-qʰrap,yè,ngjaep,horizontal board of a bell stand or frame
業,ŋrap,yè,ngjaep,"strong, sturdy"
夜,ɢAks,yè,yaeH,night
掖,ɢrAk,yè,yek,armpit
腋,ɢrAk,yè,yek,armpit
液,ɢrAk,yè,yek,fluid
葉,lap,yè,yep,leaf
枼,lap,yè,yep,leaf
抴,lat,yè,yet,to pull
鷖,ʔˤij,yī,'ej,seagull; fabulous bird
衣,ʔrəj,yī,'j+j,clothes
依,ʔəj,yī,'j+j,lean upon
吚,ʔij,yī,'jij,moan
咿,ʔij,yī,'jij,forced laugh
伊,ʔij,yī,'jij,this
揖,qip,yī,'jip,"bow (v.), salute"
一,ʔit,yī,'jit,one
壹,ʔit,yī,'jit,one
疑,ŋrə,yí,ngi,doubt
沂,ŋər,yí,ngj+j,(mountain and river in Shandong)
儀,ŋraj,yí,ngje,"right, proper; ceremony"
宜,ŋraj,yí,ngje,sacrifice to the deity of the soil (K)
宜,ŋraj,yí,ngje,proper; should
𦣞,ɢrə,yí,yi,chin
頤,ɢrə,yí,yi,chin
台,lə,yí,yi,"I, me"
怡,lə,yí,yi,cheerful
詒,lə,yí,yi,give to
貽,lə,yí,yi,"to present, give"
彝,ləj,yí,yij,ritual vase
夷,ləj,yí,yij,"level, peaceful"
夷,ləj,yí,yij,foreigner (especially to the east)
移,laj,yí,ye,move (v.)
迻,laj,yí,ye,move (v.)
蛇,laj,yí,ye,"委蛇 compliant, complacent"
匜,laj,yí,ye,ewer
遺,ɢruj,yí,ywij,leave; reject
鈶,sə.ləʔ,yí,ziX,handle of plough or sickle
乙,qrət,yǐ,'it,2nd heavenly stem
偯,ʔəjʔ,yǐ,'j+jX,extended wailing
椅,Cə.qrajʔ,yǐ,'jeX,chair
倚,Cə.qrajʔ,yǐ,'jeX,lean on
矣,qəʔ,yǐ,hiX,(final particle)
螘,m-qʰəjʔ,yǐ,ngj+jX,ant
蛾,m-qʰrajʔ,yǐ,ngjeX,ant
蟻,m-qʰrajʔ,yǐ,ngjeX,ant
螘,m-qʰrajʔ,yǐ,ngjeX,ant
錡,m.ɢrajʔ,yǐ,ngjeX,cooking pot
㠯,ləʔ,yǐ,yiX,"take, use"
以,ləʔ,yǐ,yiX,"take, use"
苡,ləʔ,yǐ,yiX,Plantago
已,ɢrəʔ,yǐ,yiX,cease; already
胣,lajʔ,yǐ,yeX,disembowel
縊,qˤiks,yì,'ejH,strangle
意,ʔrəks,yì,'iH,thought (n.)
懿,ʔriks,yì,'ijH,repress
㦤,qrits,yì,'ijH,excellent
饐,qriks,yì,'ijH,choke
抑,ʔrik,yì,'ik,"and, but, or"
抑,ʔik,yì,'ik,"rub, repress"
億,ʔrək,yì,'ik,"100,000"
憶,ʔrək,yì,'ik,remember
臆,ʔrək,yì,'ik,bosom
邑,qrəp,yì,'ip,"city, town"
浥,qrip,yì,'ip,"moist, moisten"
衣,ʔrəjs,yì,'j+jH,wear (v.t.)
瘞,qreps,yì,'jejH,sacrifice by burying
縊,qiks,yì,'jieH,strangle
益,qik,yì,'jiek,increase
嗌,qik,yì,'jiek,throat
膉,qik,yì,'jiek,throat
挹,qip,yì,'jip,to bow; suppress
挹,qip,yì,'jip,to ladle out
挹,qip,yì,'jip,suppress
唈,qˤəp,yì,'op,short of breath
羿,ŋˤers,yì,ngejH,(name of legendary archer)
詣,ŋˤijs,yì,ngejH,arrive
鷁,m-ɢˤek,yì,ngek,kind of aquatic bird
劓,ŋrəts,yì,ngijH,cut off the nose
豙,ŋəts,yì,ngj+jH,enraged boar
毅,ŋəts,yì,ngj+jH,bold
藙,ŋəts,yì,ngj+jH,Zanthoxylum (Sichuan pepper)
仡,ŋət,yì,ngj+t,"great, powerful"
義,ŋrajs,yì,ngjeH,duty; justice
議,ŋrajs,yì,ngjeH,discuss
㓷,ŋrats,yì,ngjejH,cut off the nose
埶,ŋets,yì,ngjiejH,to plant
蓺,ŋets,yì,ngjiejH,to plant
藝,ŋets,yì,ngjiejH,"cultivation, art, skill"
乂,ŋats,yì,ngjojH,"mow, cut (v.)"
乂,ŋats,yì,ngjojH,mow; regulate
刈,ŋats,yì,ngjojH,"mow, cut"
異,ɢrəks,yì,yiH,different
异,ɢrəks,yì,yiH,different
弋,lək,yì,yik,shoot arrow with string attached
翊,ɢrʷəp,yì,yik,next day
翌,ɢrʷəp,yì,yik,wing
翌,ɢrʷəp,yì,yik,next day
翼,ɢrʷəp,yì,yik,wing
溢,N-qrik,yì,yit,overflow
佾,N.rit,yì,yit,row of dancers
逸,lit,yì,yit,flee
鎰,ɢrik,yì,yit,(an ancient weight)
易,leks,yì,yeH,easy
勩,laps,yì,yejH,"toil, fatigue"
裔,lats,yì,yejH,posterity; border
亦,ɢrAk,yì,yek,armpit
奕,ɢrAk,yì,yek,"great, ample (redupl.)"
弈,ɢrAk,yì,yek,uneasy
譯,lAk,yì,yek,interpret
驛,lAk,yì,yek,post-horse
易,lek,yì,yek,change; exchange
蜴,lek,yì,yek,lizard
亦,ɢrAk,yì,yek,also
役,ɢʷek,yì,ywek,war expedition; service
疫,ɢʷek,yì,ywek,epidemic
音,qrəm,yīn,'im,"sound, tone"
陰,qrum,yīn,'im,dark
駰,ʔrin,yīn,'in,grey and white horse
殷,ʔər,yīn,'j+n,殷殷 distressed
殷,ʔər,yīn,'j+n,"ample, many"
慇,ʔər,yīn,'j+n,grieved
殷,ʔər,yīn,'j+n,(dynastic name)
愔,qim,yīn,'jim,"mild, peaceful"
垔,qin,yīn,'jin,"dam up, block; mound"
陻,qin,yīn,'jin,"dam up, block; mound"
禋,qin,yīn,'jin,sacrifice
因,ʔin,yīn,'jin,rely on
吟,m-qʰrəm,yín,ngim,"chant, intone"
誾,ŋrən,yín,ngin,"affable, reasonable"
銀,ŋrən,yín,ngin,silver
垠,ŋər,yín,ngj+n,"raised border, dike"
圻,ŋər,yín,ngj+n,"raised border, dike"
寅,ɢrər,yín,yij,3rd earthly branch
淫,N.rəm,yín,yim,excess; licentious
㸒,N.rəm,yín,yim,to covet
夤,ɢrər,yín,yin,"small of the back, region of the reins"
寅,ɢrər,yín,yin,3rd earthly branch
飲,qrumʔ,yǐn,'imX,drink (v.)
隱,ʔrənʔ,yǐn,'j+nX,grieved; suffering
隱,ʔrənʔ,yǐn,'j+nX,conceal
蚓,ɢrərʔ,yǐn,yinX,earth-worm (khjuw.yinX)
螾,ɢrərʔ,yǐn,yinX,earthworm
引,linʔ,yǐn,yinX,draw the bow
朄,linʔ-s,yǐn,yinH,a kind of drum
引,linʔ-s,yǐn,yinH,draw the bow
尹,m-qurʔ,yǐn,ywinX,govern; governor
蔭,mə.qrums,yìn,'imH,shade
飲,qrəmʔ-s,yìn,'imH,give to drink
隱,ʔrərʔ-s,yìn,'j+nH,lean on
印,ʔiŋs,yìn,'jinH,seal
胤,ɢəns,yìn,yinH,descendants
罌,ʔˤreŋ,yīng,'eang,"jar, vase"
罃,ʔˤreŋ,yīng,'eang,[in proper name]
鷹,qrəŋ,yīng,'ing,"eagle, falcon"
應,qrəŋ,yīng,'ing,ought
膺,qrəŋ,yīng,'ing,breast(plate); oppose
英,ʔraŋ,yīng,'jaeng,young grass plants
嬰,ʔeŋ,yīng,'jieng,surround; necklace
嬰,ʔeŋ,yīng,'jieng,baby
纓,ʔeŋ,yīng,'jieng,ribbon
熒,N-qˤʷeŋ,yíng,hweng,dazzle
螢,m-qˤʷeŋ,yíng,hweng,glow-worm
迎,ŋraŋ,yíng,ngjaeng,go to meet
蠅,mrəŋ,yíng,ying,fly (n.)
贏,ɢeŋ,yíng,yeng,profit; surplus
盈,leŋ,yíng,yeng,fill
楹,leŋ,yíng,yeng,pillar
營,ɢʷeŋ,yíng,yweng,"demarcate, encamp"
影,qraŋʔ,yǐng,'jaengX,shadow (n.)
郢,leŋʔ,yǐng,yengX,[place name]
穎,ɢʷeŋʔ,yǐng,ywengX,point of an ear of grain
迎,ŋraŋs,yìng,ngjaengH,go to meet
邕,qroŋ,yōng,'jowng,city moat
癰,qroŋ,yōng,'jowng,ulcer
庸,loŋ,yōng,yowng,use; advantage
傭,loŋ,yōng,yowng,hire
永,ɢrʷaŋʔ,yǒng,hjwaengX,long (time)
泳,ɢrʷaŋʔ-s,yǒng,hjwaengH,"go in water, wade"
咏,ɢrʷaŋs,yǒng,hjwaengH,chant (v.)
詠,ɢrʷaŋs,yǒng,hjwaengH,chant (v.)
俑,loŋʔ,yǒng,yowngX,grave figures
勇,loŋʔ,yǒng,yowngX,brave
踊,loŋʔ,yǒng,yowngX,leap
用,loŋs,yòng,yowngH,use (v.)
幽,ʔriw,yōu,'jiw,dark; secluded
憂,ʔru,yōu,'juw,"grief, grieved"
優,ʔru,yōu,'juw,entertainer; liberal
攸,liw,yōu,yuw,place where
悠,liw,yōu,yuw,long-brooding
尤,ɢʷə,yóu,hjuw,fault; even more
訧,ɢʷə,yóu,hjuw,"fault, blame"
游,Nru,yóu,yuw,"float, swim"
遊,Nru,yóu,yuw,wander about
斿,N.ru,yóu,yuw,pendants of a banner
油,lu,yóu,yuw,flow(ing)
猶,ɢru,yóu,yuw,"still, yet"
猶,ɢru,yóu,yuw,similar
由,lu,yóu,yuw,follow; from
友,ɢʷəʔ,yǒu,hjuwX,friend
有,ɢʷəʔ,yǒu,hjuwX,"have, exist"
酉,Nruʔ,yǒu,yuwX,10th earthly branch
酉,Nruʔ,yǒu,yuwX,wine
酉,Nruʔ,yǒu,yuwX,old
牖,luʔ,yǒu,yuwX,window
莠,luʔ,yǒu,yuwX,weeds
幼,ʔriws,yòu,'jiwH,young
右,ɢʷəʔ,yòu,hjuwX,right hand
祐,ɢʷəʔ,yòu,hjuwX,"help, blessing"
囿,ɢʷəks,yòu,hjuwH,"park, garden"
又,ɢʷəʔ-s,yòu,hjuwH,"also, in addition"
右,ɢʷəʔ-s,yòu,hjuwH,right hand
佑,ɢʷəʔ-s,yòu,hjuwH,assist
祐,ɢʷəʔ-s,yòu,hjuwH,"help, blessing"
囿,ɢʷək,yòu,hjuwk,"park, garden"
誘,luʔ,yòu,yuwX,lead; influence
迂,qrʷa,yū,'ju,astray; far
紆,qrʷa,yū,'ju,"bent, crooked"
迂,ɢrʷa,yū,hju,"bend, deflect; far away"
於,ʔa,yú,'jo,at (locative preposition)
歈,lˤo,yú,duw,a kind of song
㬰,grujs,yú,gwijH,basket
盂,ɢrʷa,yú,hju,a formation of a hunting party
竽,ɢrʷa,yú,hju,reed organ
雩,ɢrʷa,yú,hju,sacrifice for rain
于,ɢrʷa,yú,hju,go; at
于,Cʷa,yú,hju,單于 chányú: Xiōngnú  ruler (W. Hàn)
魚,r.ŋa,yú,ngjo,fish (n.)
漁,ŋra,yú,ngjo,to fish
䱷,ŋra,yú,ngjo,to fish
鋙,ŋra,yú,ngjo,"dzrjo.ngjo irregular, uneven"
虞,ŋrʷa,yú,ngju,foresee
虞,ŋrʷa,yú,ngju,gamester; forester
隅,ŋro,yú,ngju,"angle, corner"
娛,ŋrʷa,yú,ngju,rejoice
余,la,yú,yo,"1sg., prob. a polite form"
餘,la,yú,yo,remains; surplus
予,laʔ,yú,yo,"I, we"
輿,m-qra,yú,yo,"vehicle, carriage; carry on shoulders"
舁,m-qraʔ,yú,yoX,give
臾,ɢro,yú,yu,"pull, drag"
諛,ɢro,yú,yu,flatter (v.)
俞,lo,yú,yu,"yes, agree; satisfied, at ease"
愉,lo,yú,yu,enjoy
榆,lo,yú,yu,elm
渝,lo,yú,yu,change (v.)
踰,lo,yú,yu,pass over
逾,lo,yú,yu,transgress
蝓,Cə.lo,yú,zyu,snail
傴,qroʔ,yǔ,'juX,humpback
雨,C.ɢrʷaʔ,yǔ,hjuX,rain
宇,ɢrʷaʔ,yǔ,hjuX,eaves
羽,ɢrʷaʔ,yǔ,hjuX,"feather, wing"
禹,ɢrʷaʔ,yǔ,hjuX,insect; proper name
圄,m-qʰraʔ,yǔ,ngjoX,prison
圉,m-qʰraʔ,yǔ,ngjoX,prison; keep in enclosure
語,ŋraʔ,yǔ,ngjoX,speak
鋙,ŋraʔ,yǔ,ngjoX,"dzrjoX-ngjoX irregular, uneven"
予,laʔ,yǔ,yoX,give; together with
与,m-qraʔ,yǔ,yoX,give; for; and
與,m-qraʔ,yǔ,yoX,give; for; and
庾,ɢroʔ,yǔ,yuX,stacks of grain in the field
鬱,qut,yù,'jut,blocked; anxious
蔚,ʔut,yù,'jut,Artemisia
彧,qʷək,yù,'juwk,flourishing
郁,qʷək,yù,'juwk,"stately, elegant"
奧,ʔruk,yù,'juwk,cove in the bank of a stream
薁,ʔruk,yù,'juwk,wild vine
芋,ɢrʷas,yù,hjuH,taro (Colocasia antiquorum?)
雨,ɢrʷaʔ-s,yù,hjuH,rain (v.t.)
或,ɢrʷək,yù,hwik,territory
域,ɢrʷək,yù,hwik,territory
緎,ɢrʷək,yù,hwik,bundle of threads
汩,ɢrʷət,yù,hwit,flow; go fast
御,m-qʰraʔ,yù,ngjoX,ward off; withstand
禦,m-qʰraʔ,yù,ngjoX,"ward off, withstand; sacrifice"
御,ŋras,yù,ngjoH,drive a chariot (loan)
馭,ŋras,yù,ngjoH,drive a chariot
語,ŋraʔ-s,yù,ngjoH,tell
玉,ŋrok,yù,ngjowk,jade
獄,ŋrok,yù,ngjowk,lawsuit; prison
寓,ŋros,yù,ngjuH,lodge (v.)
遇,ŋros,yù,ngjuH,meet with
緎,qʰrʷək,yù,xwik,bundle of threads
譽,m-qra,yù,yo,praise (v.)
譽,ɢras,yù,yoH,joy
豫,laʔ-s,yù,yoH,go on tour
豫,laʔ-s,yù,yoH,go on inspection tour
譽,m-qras,yù,yoH,"praise, renown"
鸒,m-qras,yù,yoH,a kind of crow
與,ɢraʔ-s,yù,yoH,participate in
欲,ɢrok,yù,yowk,desire (v.)
愈,loʔ,yù,yuX,increase
喻,los,yù,yuH,understand; metaphor
儥,liwk,yù,yuwk,sell
𧶠,luk,yù,yuwk,sell
育,m-quk,yù,yuwk,"breed, produce"
毓,m-quk,yù,yuwk,to produce
鬻,m-quk,yù,yuwk,nourish
昱,ɢrʷəp,yù,yuwk,next day
煜,ɢrʷəp,yù,yuwk,"shine, gleam"
繘,N.qʷit,yù,ywit,well-rope
聿,N.rut,yù,ywit,"following, thereupon"
聿,mrut,yù,ywit,writing stylus or brush (pron. in Chǔ 楚 ap. Shuōwén; E. Hàn)
遹,ɢʷit,yù,ywit,"go awry, perverse"
悁,qʷen,yuān,'jwien,dissatisfied
蜎,qʷenʔ,yuān,'jwienX,"crawl (as an insect); soft, bending"
淵,ʔˤʷiŋ,yuān,'wen,abyss
肙,qˤʷen,yuān,'wen,small worm (Shuōwén)
蜎,qˤʷen,yuān,'wen,"crawl (as an insect); soft, bending"
蜎,m-k-qʷenʔ,yuān,gjwienX,"crawl (as an insect); soft, bending"
員,ɢrʷen,yuán,hjwen,circle; round
圓,ɢrʷen,yuán,hjwen,round
圜,ɢrʷen,yuán,hjwen,round
園,C.ɢʷan,yuán,hjwon,garden
猨,ɢʷan,yuán,hjwon,monkey
援,ɢʷan,yuán,hjwon,pull up
袁,ɢʷan,yuán,hjwon,long robe
轅,ɢʷan,yuán,hjwon,carriage-pole
垣,ɢʷar,yuán,hjwon,wall
爰,ɢʷan,yuán,hjwon,"there, then, thereupon"
原,N-ɢʷar,yuán,ngjwon,"spring, source; origin"
原,N-ɢʷar,yuán,ngjwon,high plain (n.)
源,N-ɢʷar,yuán,ngjwon,"spring, source"
元,ŋor,yuán,ngjwon,head; first
捐,ɢʷen,yuán,ywen,abandon; remove
緣,lon,yuán,ywen,"go along, follow"
苑,ʔorʔ,yuǎn,'jwonX,resentment
苑,ʔorʔ,yuǎn,'jwonX,park for hunting
遠,C.ɢʷanʔ,yuǎn,hjwonX,far
怨,ʔors,yuàn,'jwonH,resentment
媛,ɢrʷans,yuàn,hjwenH,a beauty
院,ɢrʷans,yuàn,hjwenH,wall round a courtyard
𩕾,ŋons,yuàn,ngjwonH,to wish
願,ŋons,yuàn,ngjwonH,to wish
約,qrewk,yuē,'jak,"bind (v.), make an agreement"
葯,qˤrewk,yuē,'jak,Iris leaves
曰,ɢʷat,yuē,hjwot,say
戉,ɢʷat,yuè,hjwot,a kind of axe
鉞,ɢʷat,yuè,hjwot,a kind of axe
越,ɢʷat,yuè,hjwot,pass over
粵,ɢʷat,yuè,hjwot,"generous, favorable"
樂,ŋˤrawk,yuè,ngaewk,music
嶽,ŋˤrok,yuè,ngaewk,"mountain, peak"
岳,ŋˤrok,yuè,ngaewk,"mountain, peak"
月,ŋʷat,yuè,ngjwot,"moon, month"
刖,ŋˤrʷat,yuè,ngwaet,amputate a foot
龠,lewk,yuè,yak,flute; key; tube
籥,lewk,yuè,yak,flute; key; tube
躍,lewk,yuè,yak,"leap, jump"
蜕,lot,yuè,ywet,exuviae of insects or reptiles
悦,lot,yuè,ywet,pleased
閲,lot,yuè,ywet,"count, sum up"
閲,lot,yuè,ywet,inspect
説,lot,yuè,ywet,pleased
員,ɢʷən,yún,hjun,(a particle)
雲,ɢʷən,yún,hjun,cloud
芸,ɢʷən,yún,hjun,"ample, rich"
云,ɢʷər,yún,hjun,say
筠,ɢrʷin,yún,hwin,rind of bamboo
匀,N-qʷin,yún,ywin,"even, uniform"
匀,ɢʷiŋ,yún,ywin,"little, few (Shuōwén)"
藴,ʔunʔ,yǔn,'junX,"accumulate, block up"
隕,ɢrʷənʔ,yǔn,hwinX,fall down
允,lurʔ,yǔn,ywinX,truly
狁,lurʔ,yǔn,ywinX,獫狁 xjemX.ywinX (name of a northern tribe)
愠,ʔuns,yùn,'junH,"anger, angry"
藴,ʔunʔ-s,yùn,'junH,"accumulate, block up"
運,ɢʷərs,yùn,hjunH,"turn round, move"
韻,m-qrʷins,yùn,hwinH,harmony; rhyme
韵,m-qrʷins,yùn,hwinH,rhyme
均,m-qrʷins,yùn,hwinH,rhyme
孕,liŋs,yùn,yingH,pregnant
帀,tsˤəp,zā,tsop,"a round, a circle"
雜,dzˤup,zá,dzop,mixed
災,tsˤə,zāi,tsoj,calamity
灾,tsˤə,zāi,tsoj,calamity
𢦒,tsˤə,zāi,tsoj,"hurt, damage (v.)"
𢦏,tsˤə,zāi,tsoj,"hurt, damage (v.)"
哉,tsˤə,zāi,tsoj,begin
哉,tsˤə,zāi,tsoj,(particle)
栽,tsˤə,zāi,tsoj,plant (v.)
烖,tsˤə,zāi,tsoj,calamity
載,tsˤəʔ,zǎi,tsojX,year
宰,tsˤəʔ,zǎi,tsojX,steward; minister
在,dzˤəʔ,zài,dzojX,"be at, be present"
載,m-tsˤəʔ-s,zài,dzojH,load on a vehicle (v.t.)
再,tsˤəʔ-s,zài,tsojH,twice; a second time
載,tsˤəʔ-s,zài,tsojH,record (v.)
載,tsˤəʔ-s,zài,tsojH,be conveyed in a vehicle
簪,Cə.tsˤəm,zān,tsom,hairpin
簪,tsrəm,zān,tsrim,hairpin
噆,tsˤəp,zǎn,tsop,sting and suck (mosquito)
暫,dzˤams,zàn,dzamH,suddenly
贊,tsˤarʔ-s,zàn,tsanH,assist
臧,tsˤaŋ,zāng,tsang,good
贓,tsˤaŋ,zāng,tsang,stolen goods
藏,m-tsʰˤaŋs,zàng,dzangH,"store, repository (n.)"
葬,tsˤaŋs,zàng,tsangH,bury
糟,tsˤu,zāo,tsaw,dregs
遭,tsˤu,zāo,tsaw,encounter (v.)
鑿,dzˤawk,záo,dzak,chisel
鑿,dzˤawk,záo,dzowk,chisel
早,Nə.tsˤuʔ,zǎo,tsawX,early
藻,tsˤawʔ,zǎo,tsawX,kind of water plant
棗,tsˤuʔ,zǎo,tsawX,jujube
澡,mə.tsˤawʔ,zǎo,tsawX,wash (v.)
繰,mə.tsˤawʔ,zǎo,tsawX,bleach; wash
蚤,tsˤuʔ,zǎo,tsawX,flea
皁,dzˤuʔ,zào,dzawX,"acorn, black-dyeing fruit"
造,dzˤuʔ,zào,dzawX,make
燥,C.sˤawʔ,zào,sawX,dry
譟,C.sˤaws,zào,sawH,shout
竈,tsˤuks,zào,tsawH,"cooking-place, stove"
造,mə.tsʰˤuʔ-s,zào,tshawH,go to
澤,lˤrak,zé,draek,marsh; moisture
則,tsˤək,zé,tsok,then
則,tsˤək,zé,tsok,"rule, pattern"
柞,tsˤrak,zé,tsraek,clear brush
責,s-tˤrek,zé,tsreak,demand payment
責,s-tˤrek,zé,tsreak,blame
夨,tsrək,zè,tsrik,incline the head
𠨮,tsrək,zè,tsrik,"slanting, oblique"
仄,tsrək,zè,tsrik,"slanting, oblique"
𣅔,tsrək,zè,tsrik,sun slanting to west
昃,tsrək,zè,tsrik,sun slanting to west
𣅛,tsrək,zè,tsrik,sun slanting to west
賊,k.dzˤək,zéi,dzok,"injure; murderer, bandit"
譖,tsrəms,zèn,tsrimH,accuse
繒,dzəŋ,zēng,dzing,silk
曾,tsˤəŋ,zēng,tsong,remote (ancestor)
憎,tsˤəŋ,zēng,tsong,hate
增,s-tˤəŋ,zēng,tsong,increase
贈,dzˤəŋs,zèng,dzongH,give
甑,S-təŋs,zèng,tsingH,boiler for steaming rice
柤,tsˤra,zhā,tsrae,kind of fruit tree
札,s-qˤrət,zhá,tsreat,"strip (n.), tablet"
眨,mə.tsˤrap,zhǎ,tsreap,"blink, wink"
乍,dzˤraks,zhà,dzraeH,suddenly
詐,tsˤraks,zhà,tsraeH,treacherous
摘,tˤrek,zhāi,treak,pluck (v.)
齋,tsˤrəj,zhāi,tsreaj,purify oneself
宅,m-tˤrak,zhái,draek,residence
廌,dˤreʔ,zhài,dreaX,解廌 heaX.dreaX (legendary animal)
債,s-tˤreks,zhài,tsreaH,debt
責,s-tˤreks,zhài,tsreaH,debt
祭,tsˤrets,zhài,tsreajH,(name of a state)
瘵,tsˤrets,zhài,tsreajH,suffer; distress
飦,C.qˤan,zhān,kan,thick gruel of rice
沾,trem,zhān,trjem,moisten
鱣,tran,zhān,trjen,a kind of fish
厃,t.qam,zhān,tsyem,look upwards
瞻,t.qam,zhān,tsyem,"see, look at"
詹,tam,zhān,tsyem,garrulous
噡,tam,zhān,tsyem,"speak, chat"
占,tem,zhān,tsyem,prognosticate
饘,t-qan,zhān,tsyen,gruel (thick)
氈,tan,zhān,tsyen,felt (n.)
鸇,tan,zhān,tsyen,kind of hawk or falcon
饘,t-qanʔ,zhān,tsyenX,thick gruel
輾,trenʔ,zhǎn,trjenX,"輾轉 toss and turn (Ode 1.2, 145.3)"
搌,trenʔ,zhǎn,trjenX,𢵈搌 ugly and long (?)
展,trenʔ,zhǎn,trjenX,roll over; unfold
展,trans,zhǎn,trjenH,ritual robe
斬,tsramʔ,zhǎn,tsreamX,cut off
盞,tsrarʔ,zhǎn,tsreanX,cup
棧,dzˤranʔ,zhàn,dzraenX,shed
棧,dzˤrans,zhàn,dzraenH,shed
棧,dzranʔ,zhàn,dzreanX,shed
轏,dzranʔ,zhàn,dzreanX,a kind of carriage
襢,tranʔ,zhàn,trjenX,to bare
襢,tranʔ,zhàn,trjenX,(a ceremonial garment)
襢,tranʔ-s,zhàn,trjenH,(a ceremonial garment)
戰,tars,zhàn,tsyenH,to fear
戰,tars,zhàn,tsyenH,battle
張,C.traŋ,zhāng,trjang,draw a bow
章,taŋ,zhāng,tsyang,brilliant; distinctive mark; to display
獐,taŋ,zhāng,tsyang,fallow-deer
璋,taŋ,zhāng,tsyang,(jade) insignium
長,traŋʔ,zhǎng,trjangX,grow; elder
掌,k.taŋʔ,zhǎng,tsyangX,palm of the hand
丈,draŋʔ,zhàng,drjangX,ten feet
帳,traŋs,zhàng,trjangH,curtain
啁,tˤriw,zhāo,traew,"twitter, noise"
朝,traw,zhāo,trjew,morning
昭,taw,zhāo,tsyew,bright
爪,tsˤruʔ,zhǎo,tsraewX,claw
㕚,tsˤruʔ,zhǎo,tsraewX,claw
沼,tawʔ,zhǎo,tsyewX,pool
濯,lˤrewks,zhào,draewH,wash clothes
櫂,lˤrewks,zhào,draewH,oar
趙,drewʔ,zhào,drjewX,(surname)
兆,lrawʔ,zhào,drjewX,great number
召,draws,zhào,drjewH,summon
罩,tˤrawks,zhào,traewH,covering basket
炤,taws,zhào,tsyewH,shine on
照,taws,zhào,tsyewH,shine on
詔,taws,zhào,tsyewH,"tell, announce"
遮,tA,zhē,tsyae,to cover
謫,m-tˤrek,zhé,dreak,"blame, punish"
蟄,drip,zhé,drip,hibernate; cluster
轍,dret,zhé,drjet,wheel-track
慹,nˤip,zhé,nep,afraid
輒,t-nˤep,zhé,tep,"paralysed, unable to move"
乇,tˤrak,zhé,traek,plant leaves
謫,C.tˤrek,zhé,treak,blame (v.)
輒,trep,zhé,trjep,sides of a carriage box
耴,t-nrep,zhé,trjep,hanging ears (used as N.Pr.)
哲,tret,zhé,trjet,wise
悊,tret,zhé,trjet,wise
晢,tats,zhé,tsyejH,bright
懾,t.nep,zhé,tsyep,to fear
慹,t-nep,zhé,tsyep,afraid; to fear
晢,tat,zhé,tsyet,bright
折,tet,zhé,tsyet,bend; break (v.t.)
者,tAʔ,zhě,tsyaeX,(nominalizing particle)
赭,tAʔ,zhě,tsyaeX,red earth; red pigment
柘,tAks,zhè,tsyaeH,a kind of mulberry tree
蔗,tAks,zhè,tsyaeH,sugarcane
椹,trəm,zhēn,trim,chopping-block
珍,trən,zhēn,trin,precious thing
貞,treŋ,zhēn,trjeng,straight; correct
貞,treŋ,zhēn,trjeng,divine (v.)
蓁,tsrin,zhēn,tsrin,luxuriant
榛,tsrin,zhēn,tsrin,hazel
箴,t.kəm,zhēn,tsyim,needle
鍼,t.kəm,zhēn,tsyim,needle
針,t.kəm,zhēn,tsyim,needle
斟,t.qəm,zhēn,tsyim,deliberate (v.)
甄,t.qin,zhēn,tsyin,potter's wheel
真,tin,zhēn,tsyin,"true, real"
縝,tin,zhēn,tsyin,"dense, fine-textured"
振,tər,zhēn,tsyin,numerous; majestic
診,m-trənʔ-s,zhěn,drinH,examine
辴,tʰrər,zhěn,trhij,laugh
辴,tʰrərʔ,zhěn,trhinX,laugh
枕,t.kəmʔ,zhěn,tsyimX,pillow
㐱,tənʔ,zhěn,tsyinX,thick hair
稹,tinʔ,zhěn,tsyinX,"dense, compact"
鬒,tinʔ,zhěn,tsyinX,black hair
畛,tənʔ,zhěn,tsyinX,path between fields
袗,tənʔ,zhěn,tsyinX,unlined garment
軫,tənʔ,zhěn,tsyinX,crossboard at back of carriage
診,tənʔ,zhěn,tsyinX,examine
朕,lrəmʔ,zhèn,drimX,"I, we, our"
酖,lrəms,zhèn,drimH,to poison
鴆,lrəms,zhèn,drimH,poison (v.)
陳,lrins,zhèn,drinH,battle array
陣,lrins,zhèn,drinH,battle array
疹,tʰrəns,zhèn,trhinH,fever
鎮,trins,zhèn,trinH,press down
枕,t.kəmʔ-s,zhèn,tsyimH,use as a pillow
振,tərs,zhèn,tsyinH,shake
震,tərs,zhèn,tsyinH,clap of thunder
崢,dzˤreŋ,zhēng,dzreang,"崢嶸 high, precipitous"
丁,tˤreŋ,zhēng,treang,sound of beating
徵,trəŋ,zhēng,tring,examine
爭,tsˤreŋ,zhēng,tsreang,"strife, quarrel"
烝,təŋ,zhēng,tsying,to rise (of steam); steam (v.t.)
脀,təŋ,zhēng,tsying,present (meat) in sacrifice
蒸,təŋ,zhēng,tsying,twigs as firewood
正,C.teŋ,zhēng,tsyeng,1st (month)
征,teŋ,zhēng,tsyeng,to correct; to go on a punitive expedition
撜,təŋʔ,zhěng,tsyingX,lift up
拯,təŋʔ,zhěng,tsyingX,lift up
抍,təŋʔ,zhěng,tsyingX,lift up
整,teŋʔ,zhěng,tsyengX,arrange; orderly
鄭,dreŋs,zhèng,drjengH,Zhèng (a surname)
證,təŋs,zhèng,tsyingH,"testify, prove"
正,teŋs,zhèng,tsyengH,"correct (adj., v.)"
政,teŋs,zhèng,tsyengH,government
証,teŋs,zhèng,tsyengH,remonstrate
知,tre,zhī,trje,know
蜘,tre,zhī,trje,*tre.tro spider
之,tə,zhī,tsyi,go to
之,tə,zhī,tsyi,(3p object pronoun; attributive particle)
脂,kij,zhī,tsyij,"fat, grease"
織,tək,zhī,tsyik,weave (v.)
汁,t.kəp,zhī,tsyip,juice
支,ke,zhī,tsye,"support, hold up"
支,ke,zhī,tsye,"branch (of tree), limb"
枝,ke,zhī,tsye,branch (of tree)
肢,ke,zhī,tsye,limb
胑,ke,zhī,tsye,"branch, limb"
觶,tar,zhī,tsye,ritual vessel
隻,tek,zhī,tsyek,single
植,N-trəks,zhí,driH,"grow, flourish"
植,m-trəks,zhí,driH,"to plant, set upright"
直,N-trək,zhí,drik,straight
躑,drek,zhí,drjek,躑躅 stamp the feet
殖,N-tək,zhí,dzyik,"grow, flourish (v.)"
埴,dək,zhí,dzyik,clay
殖,m-tək,zhí,dzyik,plant (v.)
植,m-tək,zhí,dzyik,to plant; plants
稙,trək,zhí,trik,earliest-sown grain
縶,trip,zhí,trip,"rope, tether; bind"
樴,tək,zhí,tsyik,pole
職,tək,zhí,tsyik,duties of office
執,tip,zhí,tsyip,seize
慹,t-nip,zhí,tsyip,"afraid, to fear"
摭,tAk,zhí,tsyek,"pluck, select"
祉,tʰrəʔ,zhǐ,trhiX,blessings
黹,trijʔ,zhǐ,trijX,embroidery
茝,t-qəʔ,zhǐ,tsyiX,Iris
止,təʔ,zhǐ,tsyiX,foot; stop
趾,təʔ,zhǐ,tsyiX,"foot, heel, toe"
旨,kijʔ,zhǐ,tsyijX,fine-tasting
指,mə.kijʔ,zhǐ,tsyijX,finger; point
砥,tijʔ,zhǐ,tsyijX,whetstone
紙,k.teʔ,zhǐ,tsyeX,paper
咫,keʔ,zhǐ,tsyeX,foot (8 inches)
豸,dˤreʔ,zhì,dreaX,to crouch (before catching prey)
治,lrəs,zhì,driH,"regulate, arrange"
值,m-trəks,zhì,driH,hold upright
雉,lrijʔ,zhì,drijX,pheasant
稚,lrəjs,zhì,drijH,young
稺,lrəjs,zhì,drijH,late-sown grain
豸,dreʔ,zhì,drjeX,"bug, wug"
滯,drats,zhì,drjejH,obstruct
彘,lrats,zhì,drjejH,pig
置,trəks,zhì,triH,"put, place; set upright"
疐,t-lrits,zhì,trijH,slip (v.)
質,trips,zhì,trijH,hostage; gift
致,trits,zhì,trijH,(cause to arrive): transmit
陟,trək,zhì,trik,ascend
窒,trit,zhì,trit,stop up (v.)
智,tres,zhì,trjeH,knowledge
楖,tsrik,zhì,tsrit,comb
志,təs,zhì,tsyiH,"goal, intention, aspiration"
識,təks,zhì,tsyiH,"remember, commemorate"
誌,təks,zhì,tsyiH,record (n.?)
摯,tips,zhì,tsyijH,seize
鷙,tips,zhì,tsyijH,bird of prey
至,tits,zhì,tsyijH,arrive
質,t-lit,zhì,tsyit,"substance, solid part"
炙,tAks,zhì,tsyaeH,"roast, broil"
寘,kes,zhì,tsyeH,to place
示,kes,zhì,tsyeH,put (= 寘)
瘈,kets,zhì,tsyejH,mad (dog)
狾,kets,zhì,tsyejH,mad (dog)
制,tets,zhì,tsyejH,"cut out, prepare"
製,tets,zhì,tsyejH,cut out (a garment)
炙,tAk,zhì,tsyek,"roast, broil"
潨,N-s-tˤuŋ,zhōng,dzowng,junction of two rivers
中,truŋ,zhōng,trjuwng,center
忠,truŋ,zhōng,trjuwng,loyal
妐,t-qoŋ,zhōng,tsyowng,father-in-law
鍾,toŋ,zhōng,tsyowng,accumulate; repeat
鍾,toŋ,zhōng,tsyowng,bell; wine vessel; an ancient measure
鐘,toŋ,zhōng,tsyowng,bell
終,tuŋ,zhōng,tsyuwng,end
螽,tuŋ,zhōng,tsyuwng,tsyuwng.sje locust
潨,tuŋ,zhōng,tsyuwng,junction of two rivers
冢,troŋʔ,zhǒng,trjowngX,tomb mound
種,k.toŋʔ,zhǒng,tsyowngX,seed
腫,toŋʔ,zhǒng,tsyowngX,"swell, swollen; tumor"
重,N-troŋʔ,zhòng,drjowngX,heavy
重,N-troŋʔ-s,zhòng,drjowngH,weight (n.)
仲,N-truŋs,zhòng,drjuwngH,middle (of brothers)
中,truŋs,zhòng,trjuwngH,hit the center
種,mə.toŋʔ-s,zhòng,tsyowngH,sow (v.)
眾,tuŋs,zhòng,tsyuwngH,numerous
周,tiw,zhōu,tsyuw,Zhōu (dynasty and place)
周,tiw,zhōu,tsyuw,cycle; all around
舟,tu,zhōu,tsyuw,boat
州,tu,zhōu,tsyuw,islet in stream; province
洲,tu,zhōu,tsyuw,islet
粥,t-quk,zhōu,tsyuwk,gruel
鬻,t-quk,zhōu,tsyuwk,rice gruel
軸,lruk,zhóu,drjuwk,wheel-axle
疛,truʔ,zhǒu,trjuwX,pain in the intestines
肘,t-kruʔ,zhǒu,trjuwX,elbow
帚,t.pəʔ,zhǒu,tsyuwX,broom
箒,t.pəʔ,zhǒu,tsyuwX,broom
紂,druʔ,zhòu,drjuwX,leather belt used on the rump of a horse hitched to a cart; name of last Shāng ruler
酎,druʔ,zhòu,drjuwX,new spirits made to ferment by addition of older spirits
冑,lrus,zhòu,drjuwH,helmet
驟,N-tsˤroʔ-s,zhòu,dzrjuwH,fast-running
騶,m-tsˤroks,zhòu,dzrjuwH,to run
晝,truks,zhòu,trjuwH,daytime
咮,tˤroks,zhòu,trjuwH,beak
皺,tsˤros,zhòu,tsrjuwH,wrinkles
縐,tsˤros,zhòu,tsrjuwH,wrinkles
祝,tuks,zhòu,tsyuwH,to curse
豬,tra,zhū,trjo,pig
株,tro,zhū,trju,"tree root, stem"
蛛,tro,zhū,trju,*tre-tro spider
誅,tro,zhū,trju,punish; kill
邾,tro,zhū,trju,(place name)
諸,ta,zhū,tsyo,many
諸,ta,zhū,tsyo,(fusion of 之 + 於 *tə ʔa)
朱,to,zhū,tsyu,dwarf
朱,to,zhū,tsyu,red
侏,to,zhū,tsyu,侏儒 zhūrú 'dwarf'
逐,lriwk,zhú,drjuwk,pursue
瘃,trok,zhú,trjowk,chilblain
竹,truk,zhú,trjuwk,bamboo
燭,tok,zhú,tsyowk,torch
朮,m.lut,zhú,zywit,glutinous millet
褚,traʔ,zhǔ,trjoX,"to store, to heap"
拄,troʔ,zhǔ,trjuX,"prop up, support (v.)"
壴,troʔ-s,zhǔ,trjuH,stand for musical instruments
煑,taʔ,zhǔ,tsyoX,"boil, cook"
煮,taʔ,zhǔ,tsyoX,"boil, cook"
䰞,taʔ,zhǔ,tsyoX,"boil, cook"
渚,taʔ,zhǔ,tsyoX,islet
陼,taʔ,zhǔ,tsyoX,islet
屬,tok,zhǔ,tsyowk,attach (v.t.)
斗,toʔ,zhǔ,tsyuX,ladle
主,toʔ,zhǔ,tsyuX,master; host
竚,m-traʔ,zhù,drjoX,stand for a long time
紵,mə.draʔ,zhù,drjoX,ramie; flax
箸,draks,zhù,drjoH,chopsticks
除,lras,zhù,drjoH,pass away
柱,m-troʔ,zhù,drjuX,pillar
住,droʔ-s,zhù,drjuH,stop (v.)
助,dzras,zhù,dzrjoH,help (v.)
著,traks,zhù,trjoH,place (n.); visible
注,troʔ-s,zhù,trjuH,to conduct water
築,truk,zhù,trjuwk,"pound earth, build"
馵,toks,zhù,tsyuH,horse with white left hind leg
鑄,tus,zhù,tsyuH,to cast (a bronze vessel)
祝,tuk,zhù,tsyuwk,"pray, recite"
祝,tuk,zhù,tsyuwk,"cut off, break"
抓,tsˤru,zhuā,tsraew,grasp
抓,tsˤruʔ,zhuā,tsraewX,grasp
髽,tsˤroj,zhuā,tsrwae,hair knot for mourning
專,ton,zhuān,tsywen,exclusively
轉,mə.tronʔ,zhuǎn,trjwenX,"turn around, transfer"
轉,tronʔ,zhuǎn,trjwenX,"輾轉 toss and turn ((Ode 1.2, 145.3)"
傳,N-trons,zhuàn,drjwenH,what has been transmitted
撰,dzronʔ,zhuàn,dzrjwenX,"create, invent"
傳,trons,zhuàn,trjwenH,relay post
妝,tsraŋ,zhuāng,tsrjang,adorn (Shuōwén)
莊,tsraŋ,zhuāng,tsrjang,"dignified, grave"
撞,N-tˤroŋs,zhuàng,draewngH,strike
狀,dzraŋs,zhuàng,dzrjangH,"form, appearance"
壯,tsraŋs,zhuàng,tsrjangH,robust
追,truj,zhuī,trwij,pursue
隹,tur,zhuī,tsywij,a kind of bird
沝,turʔ,zhuǐ,tsywijX,water (Min form)
隊,m.lruts,zhuì,drwijH,"fall down, throw down"
墜,m.lruts,zhuì,drwijH,fall down
屯,trun,zhūn,trwin,difficult
淳,tur,zhūn,tsywin,moisten
淳,turʔ,zhǔn,tsywinX,measure of breadth (of cloth)
準,turʔ,zhǔn,tsywinX,water-level
桌,tˤrawk,zhuō,traewk,table
卓,tˤrawk,zhuō,traewk,high; splendid
捉,tsˤrok,zhuō,tsraewk,grasp (v.)
拙,tot,zhuō,tsywet,"stupid, inept"
濁,N-tˤrok,zhuó,draewk,muddy
擢,lˤrewk,zhuó,draewk,"pull out, select"
濯,lˤrewk,zhuó,draewk,wash
著,m-trak,zhuó,drjak,put on clothes; be attached
躅,drok,zhuó,drjowk,躑躅 stamp the feet
斲,Cə.tˤrok,zhuó,traewk,"chop, cleave"
啄,mə.tˤrok,zhuó,traewk,to peck
著,trak,zhuó,trjak,to place
叕,trots,zhuó,trjwejH,stitch (n.?)
叕,trot,zhuó,trjwet,stitch
斮,tsrak,zhuó,tsraewk,to cut off
斮,tsrak,zhuó,tsrjak,to cut off
茁,s-krot,zhuó,tsrjwet,sprout (v.)
茁,s-krot,zhuó,tsrweat,sprout (v.)
繳,tewk,zhuó,tsyak,string attached to arrow
斫,tak,zhuó,tsyak,"cut, hack"
勺,tewk,zhuó,tsyak,ladle (v.)
酌,tewk,zhuó,tsyak,pour; deliberate (v.)
滋,tsə,zī,tsi,abundant
咨,tsij,zī,tsij,consult; plan (v.)
粢,tsij,zī,tsij,Setaria italica
資,tsij,zī,tsij,"property, means of living"
諮,tsij,zī,tsij,"consult, plan"
齍,tsij,zī,tsij,sacrificial grain
緇,tsrə,zī,tsri,black
子,tsəʔ,zǐ,tsiX,1st earthly branch
梓,tsəʔ,zǐ,tsiX,Catalpa
子,tsəʔ,zǐ,tsiX,"child; gentleman, master"
姊,tsijʔ,zǐ,tsijX,older sister
秭,tsijʔ,zǐ,tsijX,a high number
訾,s-N-tsej,zǐ,zje,fault
字,mə.dzəʔ-s,zì,dziH,"breed, love (v.); character"
自,s.bits,zì,dzijH,self (adv.)
自,s.bits,zì,dzijH,to follow; from
柴,C.dzˤrej,zì,dzrea,firewood
恣,tsits,zì,tsijH,"unrestrained, license"
從,tsoŋ,zōng,tsjowng,longitudinal
宗,tsˤuŋ,zōng,tsowng,ancestral temple
緵,tsˤoŋ,zōng,tsuwng,bundle of threads
稯,tsˤoŋ,zōng,tsuwng,bundle of threads
豵,tsˤoŋ,zōng,tsuwng,pig a half or one year old
總,tsˤoŋ,zōng,tsuwng,bundle of threads
緫,tsˤoŋ,zōng,tsuwng,bundle of threads
揔,tsˤoŋ,zōng,tsuwng,bundle of threads
總,tsˤoŋ,zǒng,tsuwngX,bind together
緫,tsˤoŋʔ,zǒng,tsuwngX,bind together
揔,tsˤoŋʔ,zǒng,tsuwngX,bind together
從,dzoŋs,zòng,dzjowngH,follower
縱,tsoŋs,zòng,tsjowngH,let loose
綜,s-tˤuŋs,zòng,tsowngH,collect (v.)
諏,tso,zōu,tsju,inquire
掫,tso,zōu,tsju,beat night watches
騶,tsˤro,zōu,tsrjuw,groom
掫,tsˤro,zōu,tsrjuw,beat night watches
掫,tsˤroʔ,zōu,tsrjuwX,beat night watches
走,tsˤoʔ,zǒu,tsuwX,run
奏,tsˤoʔ-s,zòu,tsuwH,bring forward; perform (music)
族,dzˤok,zú,dzuwk,clan
足,tsok,zú,tsjowk,sufficient
足,tsok,zú,tsjowk,foot
鏃,tsˤok,zú,tsuwk,arrowhead
卒,tsut,zú,tswit,"finish, die"
卒,tsˤut,zú,tswot,soldier
阻,tsraʔ,zǔ,tsrjoX,filled with obstacles
祖,tsˤaʔ,zǔ,tsuX,ancestor
鑽,tsˤor,zuān,tswan,"perforate, penetrate"
纂,tsˤonʔ,zuǎn,tswanX,silk band
䘒,tsˤur,zuī,tswoj,genitalia of a baby
朘,tsˤur,zuī,tswoj,genitalia of a baby
觜,tsojʔ,zuǐ,tsjweX,beak
罪,dzˤujʔ,zuì,dzwojX,"crime, offense"
最,tsˤots,zuì,tswajH,collect; most
醉,Cə.tsuts,zuì,tswijH,drunk (adj.)
遵,tsun,zūn,tswin,follow (a road)
尊,tsˤun,zūn,tswon,honor (v.)
尊,tsˤun,zūn,tswon,wine-cup
樽,tsˤun,zūn,tswon,wine-cup
昨,dzˤak,zuó,dzak,yesterday
左,tsˤajʔ,zuǒ,tsaX,left (side)
左,tsˤajʔ,zuǒ,tsaX,assist
左,tsˤarʔ-s,zuǒ,tsaH,assist
佐,tsˤarʔ-s,zuǒ,tsaH,"aid, assist"
胙,dzˤaks,zuò,dzuH,sacrificial meat and wine
坐,dzˤojʔ,zuò,dzwaX,sit
坐,m-dzˤojʔ,zuò,dzwaX,to set
座,dzˤojʔ-s,zuò,dzwaH,seat n.
坐,dzˤojʔ-s,zuò,dzwaH,seat n.
作,tsˤak,zuò,tsak,"do, work"
糳,tsˤawk,zuò,tsak,fine and pure rice
作,tsˤaks,zuò,tsuH,"do, work"
